{"AuxAudioDevice1":{"balance":0.5,"deinterlace_field_order":0,"deinterlace_mode":0,"enabled":true,"flags":0,"hotkeys":{"libobs.mute":[],"libobs.push-to-mute":[],"libobs.push-to-talk":[],"libobs.unmute":[]},"id":"wasapi_input_capture","mixers":0,"monitoring_type":0,"muted":false,"name":"Mic/Aux","prev_ver":452984833,"private_settings":{},"push-to-mute":false,"push-to-mute-delay":0,"push-to-talk":false,"push-to-talk-delay":0,"settings":{"device_id":"default"},"sync":0,"versioned_id":"wasapi_input_capture","volume":1.0},"DesktopAudioDevice1":{"balance":0.5,"deinterlace_field_order":0,"deinterlace_mode":0,"enabled":true,"flags":0,"hotkeys":{"libobs.mute":[],"libobs.push-to-mute":[],"libobs.push-to-talk":[],"libobs.unmute":[]},"id":"wasapi_output_capture","mixers":0,"monitoring_type":0,"muted":false,"name":"Desktop Audio","prev_ver":452984833,"private_settings":{},"push-to-mute":false,"push-to-mute-delay":0,"push-to-talk":false,"push-to-talk-delay":0,"settings":{"device_id":"default"},"sync":0,"versioned_id":"wasapi_output_capture","volume":1.0},"current_program_scene":"Intro","current_scene":"Intro","current_transition":"Fade","groups":[{"balance":0.5,"deinterlace_field_order":0,"deinterlace_mode":0,"enabled":true,"flags":0,"hotkeys":{"libobs.hide_scene_item.ConExp Heading (for BELOW overlay)":[],"libobs.hide_scene_item.ST_OV_BELOW_GRADIENT":[],"libobs.hide_scene_item.ST_OV_BELOW_GREY":[],"libobs.show_scene_item.ConExp Heading (for BELOW overlay)":[],"libobs.show_scene_item.ST_OV_BELOW_GRADIENT":[],"libobs.show_scene_item.ST_OV_BELOW_GREY":[]},"id":"group","mixers":0,"monitoring_type":0,"muted":false,"name":"ConExp BELOW overlay","prev_ver":452984833,"private_settings":{},"push-to-mute":false,"push-to-mute-delay":0,"push-to-talk":false,"push-to-talk-delay":0,"settings":{"custom_size":true,"cx":1920,"cy":1080,"id_counter":0,"items":[{"align":5,"bounds":{"x":0.0,"y":0.0},"bounds_align":0,"bounds_type":0,"crop_bottom":0,"crop_left":0,"crop_right":0,"crop_top":0,"group_item_backup":false,"hide_transition":{"duration":0},"id":5,"locked":true,"name":"ST_OV_BELOW_GRADIENT","pos":{"x":0.0,"y":0.0},"private_settings":{},"rot":0.0,"scale":{"x":1.0,"y":1.0},"scale_filter":"disable","show_transition":{"duration":0},"visible":true},{"align":5,"bounds":{"x":0.0,"y":0.0},"bounds_align":0,"bounds_type":0,"crop_bottom":0,"crop_left":0,"crop_right":0,"crop_top":0,"group_item_backup":false,"hide_transition":{"duration":0},"id":6,"locked":true,"name":"ST_OV_BELOW_GREY","pos":{"x":0.0,"y":0.0},"private_settings":{},"rot":0.0,"scale":{"x":1.0,"y":1.0},"scale_filter":"disable","show_transition":{"duration":0},"visible":false},{"align":5,"bounds":{"x":0.0,"y":0.0},"bounds_align":0,"bounds_type":0,"crop_bottom":0,"crop_left":0,"crop_right":0,"crop_top":0,"group_item_backup":false,"hide_transition":{"duration":0},"id":11,"locked":true,"name":"ConExp Heading (for BELOW overlay)","pos":{"x":217.0,"y":936.0},"private_settings":{},"rot":0.0,"scale":{"x":1.0,"y":1.0},"scale_filter":"disable","show_transition":{"duration":0},"visible":true}]},"sync":0,"versioned_id":"group","volume":1.0},{"balance":0.5,"deinterlace_field_order":0,"deinterlace_mode":0,"enabled":true,"flags":0,"hotkeys":{"libobs.hide_scene_item.ConExp Heading (for ABOVE overlay)":[],"libobs.hide_scene_item.ST_OV_ABOVE_GRADIENT":[],"libobs.hide_scene_item.ST_OV_ABOVE_GREY":[],"libobs.show_scene_item.ConExp Heading (for ABOVE overlay)":[],"libobs.show_scene_item.ST_OV_ABOVE_GRADIENT":[],"libobs.show_scene_item.ST_OV_ABOVE_GREY":[]},"id":"group","mixers":0,"monitoring_type":0,"muted":false,"name":"ConExp ABOVE overlay","prev_ver":452984833,"private_settings":{},"push-to-mute":false,"push-to-mute-delay":0,"push-to-talk":false,"push-to-talk-delay":0,"settings":{"custom_size":true,"cx":1920,"cy":1080,"id_counter":0,"items":[{"align":5,"bounds":{"x":0.0,"y":0.0},"bounds_align":0,"bounds_type":0,"crop_bottom":0,"crop_left":0,"crop_right":0,"crop_top":0,"group_item_backup":false,"hide_transition":{"duration":0},"id":7,"locked":true,"name":"ST_OV_ABOVE_GRADIENT","pos":{"x":0.0,"y":0.0},"private_settings":{},"rot":0.0,"scale":{"x":1.0,"y":1.0},"scale_filter":"disable","show_transition":{"duration":0},"visible":true},{"align":5,"bounds":{"x":0.0,"y":0.0},"bounds_align":0,"bounds_type":0,"crop_bottom":0,"crop_left":0,"crop_right":0,"crop_top":0,"group_item_backup":false,"hide_transition":{"duration":0},"id":8,"locked":true,"name":"ST_OV_ABOVE_GREY","pos":{"x":0.0,"y":0.0},"private_settings":{},"rot":0.0,"scale":{"x":1.0,"y":1.0},"scale_filter":"disable","show_transition":{"duration":0},"visible":false},{"align":5,"bounds":{"x":0.0,"y":0.0},"bounds_align":0,"bounds_type":0,"crop_bottom":0,"crop_left":0,"crop_right":0,"crop_top":0,"group_item_backup":false,"hide_transition":{"duration":0},"id":9,"locked":true,"name":"ConExp Heading (for ABOVE overlay)","pos":{"x":213.0,"y":54.0},"private_settings":{},"rot":0.0,"scale":{"x":1.0,"y":1.0},"scale_filter":"disable","show_transition":{"duration":0},"visible":true}]},"sync":0,"versioned_id":"group","volume":1.0},{"balance":0.5,"deinterlace_field_order":0,"deinterlace_mode":0,"enabled":true,"flags":0,"hotkeys":{"libobs.hide_scene_item.ST_OV_BELOW_GRADIENT":[],"libobs.hide_scene_item.ST_OV_BELOW_GREY":[],"libobs.hide_scene_item.WrapUp Heading (for BELOW overlay)":[],"libobs.show_scene_item.ST_OV_BELOW_GRADIENT":[],"libobs.show_scene_item.ST_OV_BELOW_GREY":[],"libobs.show_scene_item.WrapUp Heading (for BELOW overlay)":[]},"id":"group","mixers":0,"monitoring_type":0,"muted":false,"name":"WrapUp","prev_ver":452984833,"private_settings":{},"push-to-mute":false,"push-to-mute-delay":0,"push-to-talk":false,"push-to-talk-delay":0,"settings":{"custom_size":true,"cx":1920,"cy":1080,"id_counter":0,"items":[{"align":5,"bounds":{"x":0.0,"y":0.0},"bounds_align":0,"bounds_type":0,"crop_bottom":0,"crop_left":0,"crop_right":0,"crop_top":0,"group_item_backup":false,"hide_transition":{"duration":0},"id":4,"locked":true,"name":"ST_OV_BELOW_GRADIENT","pos":{"x":0.0,"y":0.0},"private_settings":{},"rot":0.0,"scale":{"x":1.0,"y":1.0},"scale_filter":"disable","show_transition":{"duration":0},"visible":true},{"align":5,"bounds":{"x":0.0,"y":0.0},"bounds_align":0,"bounds_type":0,"crop_bottom":0,"crop_left":0,"crop_right":0,"crop_top":0,"group_item_backup":false,"hide_transition":{"duration":0},"id":5,"locked":true,"name":"ST_OV_BELOW_GREY","pos":{"x":0.0,"y":0.0},"private_settings":{},"rot":0.0,"scale":{"x":1.0,"y":1.0},"scale_filter":"disable","show_transition":{"duration":0},"visible":false},{"align":5,"bounds":{"x":0.0,"y":0.0},"bounds_align":0,"bounds_type":0,"crop_bottom":0,"crop_left":0,"crop_right":0,"crop_top":0,"group_item_backup":false,"hide_transition":{"duration":0},"id":13,"locked":true,"name":"WrapUp Heading (for BELOW overlay)","pos":{"x":213.0,"y":54.0},"private_settings":{},"rot":0.0,"scale":{"x":1.0,"y":1.0},"scale_filter":"disable","show_transition":{"duration":0},"visible":true}]},"sync":0,"versioned_id":"group","volume":1.0},{"balance":0.5,"deinterlace_field_order":0,"deinterlace_mode":0,"enabled":true,"flags":0,"hotkeys":{"libobs.hide_scene_item.ST_OV_ABOVE_GRADIENT":[],"libobs.hide_scene_item.ST_OV_ABOVE_GREY":[],"libobs.hide_scene_item.WrapUp Heading (for ABOVE overlay)":[],"libobs.show_scene_item.ST_OV_ABOVE_GRADIENT":[],"libobs.show_scene_item.ST_OV_ABOVE_GREY":[],"libobs.show_scene_item.WrapUp Heading (for ABOVE overlay)":[]},"id":"group","mixers":0,"monitoring_type":0,"muted":false,"name":"WrapUp ABOVE overlay","prev_ver":452984833,"private_settings":{},"push-to-mute":false,"push-to-mute-delay":0,"push-to-talk":false,"push-to-talk-delay":0,"settings":{"custom_size":true,"cx":1920,"cy":1080,"id_counter":0,"items":[{"align":5,"bounds":{"x":0.0,"y":0.0},"bounds_align":0,"bounds_type":0,"crop_bottom":0,"crop_left":0,"crop_right":0,"crop_top":0,"group_item_backup":false,"hide_transition":{"duration":0},"id":7,"locked":true,"name":"ST_OV_ABOVE_GRADIENT","pos":{"x":0.0,"y":0.0},"private_settings":{},"rot":0.0,"scale":{"x":1.0,"y":1.0},"scale_filter":"disable","show_transition":{"duration":0},"visible":true},{"align":5,"bounds":{"x":0.0,"y":0.0},"bounds_align":0,"bounds_type":0,"crop_bottom":0,"crop_left":0,"crop_right":0,"crop_top":0,"group_item_backup":false,"hide_transition":{"duration":0},"id":8,"locked":true,"name":"ST_OV_ABOVE_GREY","pos":{"x":0.0,"y":0.0},"private_settings":{},"rot":0.0,"scale":{"x":1.0,"y":1.0},"scale_filter":"disable","show_transition":{"duration":0},"visible":false},{"align":5,"bounds":{"x":0.0,"y":0.0},"bounds_align":0,"bounds_type":0,"crop_bottom":0,"crop_left":0,"crop_right":0,"crop_top":0,"group_item_backup":false,"hide_transition":{"duration":0},"id":10,"locked":true,"name":"WrapUp Heading (for ABOVE overlay)","pos":{"x":213.0,"y":54.0},"private_settings":{},"rot":0.0,"scale":{"x":1.0,"y":1.0},"scale_filter":"disable","show_transition":{"duration":0},"visible":true}]},"sync":0,"versioned_id":"group","volume":1.0},{"balance":0.5,"deinterlace_field_order":0,"deinterlace_mode":0,"enabled":true,"flags":0,"hotkeys":{"libobs.hide_scene_item.Ex1 Heading (for BELOW overlay)":[],"libobs.hide_scene_item.Ex1 Subheading (for BELOW overlay)":[],"libobs.hide_scene_item.ST_OV_BELOW_GRADIENT":[],"libobs.hide_scene_item.ST_OV_BELOW_GREY":[],"libobs.show_scene_item.Ex1 Heading (for BELOW overlay)":[],"libobs.show_scene_item.Ex1 Subheading (for BELOW overlay)":[],"libobs.show_scene_item.ST_OV_BELOW_GRADIENT":[],"libobs.show_scene_item.ST_OV_BELOW_GREY":[]},"id":"group","mixers":0,"monitoring_type":0,"muted":false,"name":"Ex1 BELOW overlay","prev_ver":452984833,"private_settings":{},"push-to-mute":false,"push-to-mute-delay":0,"push-to-talk":false,"push-to-talk-delay":0,"settings":{"custom_size":true,"cx":1920,"cy":1080,"id_counter":0,"items":[{"align":5,"bounds":{"x":0.0,"y":0.0},"bounds_align":0,"bounds_type":0,"crop_bottom":0,"crop_left":0,"crop_right":0,"crop_top":0,"group_item_backup":false,"hide_transition":{"duration":0},"id":4,"locked":true,"name":"ST_OV_BELOW_GRADIENT","pos":{"x":0.0,"y":0.0},"private_settings":{},"rot":0.0,"scale":{"x":1.0,"y":1.0},"scale_filter":"disable","show_transition":{"duration":0},"visible":true},{"align":5,"bounds":{"x":0.0,"y":0.0},"bounds_align":0,"bounds_type":0,"crop_bottom":0,"crop_left":0,"crop_right":0,"crop_top":0,"group_item_backup":false,"hide_transition":{"duration":0},"id":5,"locked":true,"name":"ST_OV_BELOW_GREY","pos":{"x":0.0,"y":0.0},"private_settings":{},"rot":0.0,"scale":{"x":1.0,"y":1.0},"scale_filter":"disable","show_transition":{"duration":0},"visible":false},{"align":5,"bounds":{"x":0.0,"y":0.0},"bounds_align":0,"bounds_type":0,"crop_bottom":0,"crop_left":0,"crop_right":0,"crop_top":0,"group_item_backup":false,"hide_transition":{"duration":0},"id":12,"locked":true,"name":"Ex1 Subheading (for BELOW overlay)","pos":{"x":203.0,"y":981.0},"private_settings":{},"rot":0.0,"scale":{"x":1.0,"y":1.0},"scale_filter":"disable","show_transition":{"duration":0},"visible":true},{"align":5,"bounds":{"x":0.0,"y":0.0},"bounds_align":0,"bounds_type":0,"crop_bottom":0,"crop_left":0,"crop_right":0,"crop_top":0,"group_item_backup":false,"hide_transition":{"duration":0},"id":13,"locked":true,"name":"Ex1 Heading (for BELOW overlay)","pos":{"x":204.0,"y":897.0},"private_settings":{},"rot":0.0,"scale":{"x":1.0,"y":1.0},"scale_filter":"disable","show_transition":{"duration":0},"visible":true}]},"sync":0,"versioned_id":"group","volume":1.0},{"balance":0.5,"deinterlace_field_order":0,"deinterlace_mode":0,"enabled":true,"flags":0,"hotkeys":{"libobs.hide_scene_item.Ex1 Heading (for ABOVE overlay)":[],"libobs.hide_scene_item.Ex1 Subheading (for ABOVE overlay)":[],"libobs.hide_scene_item.ST_OV_ABOVE_GRADIENT":[],"libobs.hide_scene_item.ST_OV_ABOVE_GREY":[],"libobs.show_scene_item.Ex1 Heading (for ABOVE overlay)":[],"libobs.show_scene_item.Ex1 Subheading (for ABOVE overlay)":[],"libobs.show_scene_item.ST_OV_ABOVE_GRADIENT":[],"libobs.show_scene_item.ST_OV_ABOVE_GREY":[]},"id":"group","mixers":0,"monitoring_type":0,"muted":false,"name":"Ex1 ABOVE overlay","prev_ver":452984833,"private_settings":{},"push-to-mute":false,"push-to-mute-delay":0,"push-to-talk":false,"push-to-talk-delay":0,"settings":{"custom_size":true,"cx":1920,"cy":1080,"id_counter":0,"items":[{"align":5,"bounds":{"x":0.0,"y":0.0},"bounds_align":0,"bounds_type":0,"crop_bottom":0,"crop_left":0,"crop_right":0,"crop_top":0,"group_item_backup":false,"hide_transition":{"duration":0},"id":7,"locked":true,"name":"ST_OV_ABOVE_GRADIENT","pos":{"x":0.0,"y":0.0},"private_settings":{},"rot":0.0,"scale":{"x":1.0,"y":1.0},"scale_filter":"disable","show_transition":{"duration":0},"visible":true},{"align":5,"bounds":{"x":0.0,"y":0.0},"bounds_align":0,"bounds_type":0,"crop_bottom":0,"crop_left":0,"crop_right":0,"crop_top":0,"group_item_backup":false,"hide_transition":{"duration":0},"id":8,"locked":true,"name":"ST_OV_ABOVE_GREY","pos":{"x":0.0,"y":0.0},"private_settings":{},"rot":0.0,"scale":{"x":1.0,"y":1.0},"scale_filter":"disable","show_transition":{"duration":0},"visible":false},{"align":5,"bounds":{"x":0.0,"y":0.0},"bounds_align":0,"bounds_type":0,"crop_bottom":0,"crop_left":0,"crop_right":0,"crop_top":0,"group_item_backup":false,"hide_transition":{"duration":0},"id":10,"locked":true,"name":"Ex1 Subheading (for ABOVE overlay)","pos":{"x":213.0,"y":108.0},"private_settings":{},"rot":0.0,"scale":{"x":1.0,"y":1.0},"scale_filter":"disable","show_transition":{"duration":0},"visible":true},{"align":5,"bounds":{"x":0.0,"y":0.0},"bounds_align":0,"bounds_type":0,"crop_bottom":0,"crop_left":0,"crop_right":0,"crop_top":0,"group_item_backup":false,"hide_transition":{"duration":0},"id":11,"locked":true,"name":"Ex1 Heading (for ABOVE overlay)","pos":{"x":213.0,"y":23.0},"private_settings":{},"rot":0.0,"scale":{"x":1.0,"y":1.0},"scale_filter":"disable","show_transition":{"duration":0},"visible":true}]},"sync":0,"versioned_id":"group","volume":1.0},{"balance":0.5,"deinterlace_field_order":0,"deinterlace_mode":0,"enabled":true,"flags":0,"hotkeys":{"libobs.hide_scene_item.Ex2 Heading (for BELOW overlay)":[],"libobs.hide_scene_item.Ex2 Subheading (for BELOW overlay)":[],"libobs.hide_scene_item.ST_OV_BELOW_GRADIENT":[],"libobs.hide_scene_item.ST_OV_BELOW_GREY":[],"libobs.show_scene_item.Ex2 Heading (for BELOW overlay)":[],"libobs.show_scene_item.Ex2 Subheading (for BELOW overlay)":[],"libobs.show_scene_item.ST_OV_BELOW_GRADIENT":[],"libobs.show_scene_item.ST_OV_BELOW_GREY":[]},"id":"group","mixers":0,"monitoring_type":0,"muted":false,"name":"Ex2 BELOW overlay","prev_ver":452984833,"private_settings":{},"push-to-mute":false,"push-to-mute-delay":0,"push-to-talk":false,"push-to-talk-delay":0,"settings":{"custom_size":true,"cx":1920,"cy":1080,"id_counter":0,"items":[{"align":5,"bounds":{"x":0.0,"y":0.0},"bounds_align":0,"bounds_type":0,"crop_bottom":0,"crop_left":0,"crop_right":0,"crop_top":0,"group_item_backup":false,"hide_transition":{"duration":0},"id":4,"locked":true,"name":"ST_OV_BELOW_GRADIENT","pos":{"x":0.0,"y":0.0},"private_settings":{},"rot":0.0,"scale":{"x":1.0,"y":1.0},"scale_filter":"disable","show_transition":{"duration":0},"visible":true},{"align":5,"bounds":{"x":0.0,"y":0.0},"bounds_align":0,"bounds_type":0,"crop_bottom":0,"crop_left":0,"crop_right":0,"crop_top":0,"group_item_backup":false,"hide_transition":{"duration":0},"id":5,"locked":true,"name":"ST_OV_BELOW_GREY","pos":{"x":0.0,"y":0.0},"private_settings":{},"rot":0.0,"scale":{"x":1.0,"y":1.0},"scale_filter":"disable","show_transition":{"duration":0},"visible":false},{"align":5,"bounds":{"x":0.0,"y":0.0},"bounds_align":0,"bounds_type":0,"crop_bottom":0,"crop_left":0,"crop_right":0,"crop_top":0,"group_item_backup":false,"hide_transition":{"duration":0},"id":14,"locked":true,"name":"Ex2 Subheading (for BELOW overlay)","pos":{"x":203.0,"y":981.0},"private_settings":{},"rot":0.0,"scale":{"x":1.0,"y":1.0},"scale_filter":"disable","show_transition":{"duration":0},"visible":true},{"align":5,"bounds":{"x":0.0,"y":0.0},"bounds_align":0,"bounds_type":0,"crop_bottom":0,"crop_left":0,"crop_right":0,"crop_top":0,"group_item_backup":false,"hide_transition":{"duration":0},"id":15,"locked":true,"name":"Ex2 Heading (for BELOW overlay)","pos":{"x":204.0,"y":897.0},"private_settings":{},"rot":0.0,"scale":{"x":1.0,"y":1.0},"scale_filter":"disable","show_transition":{"duration":0},"visible":true}]},"sync":0,"versioned_id":"group","volume":1.0},{"balance":0.5,"deinterlace_field_order":0,"deinterlace_mode":0,"enabled":true,"flags":0,"hotkeys":{"libobs.hide_scene_item.Ex2 Heading (for ABOVE overlay)":[],"libobs.hide_scene_item.Ex2 Subheading (for ABOVE overlay)":[],"libobs.hide_scene_item.ST_OV_ABOVE_GRADIENT":[],"libobs.hide_scene_item.ST_OV_ABOVE_GREY":[],"libobs.show_scene_item.Ex2 Heading (for ABOVE overlay)":[],"libobs.show_scene_item.Ex2 Subheading (for ABOVE overlay)":[],"libobs.show_scene_item.ST_OV_ABOVE_GRADIENT":[],"libobs.show_scene_item.ST_OV_ABOVE_GREY":[]},"id":"group","mixers":0,"monitoring_type":0,"muted":false,"name":"Ex2 ABOVE overlay","prev_ver":452984833,"private_settings":{},"push-to-mute":false,"push-to-mute-delay":0,"push-to-talk":false,"push-to-talk-delay":0,"settings":{"custom_size":true,"cx":1920,"cy":1080,"id_counter":0,"items":[{"align":5,"bounds":{"x":0.0,"y":0.0},"bounds_align":0,"bounds_type":0,"crop_bottom":0,"crop_left":0,"crop_right":0,"crop_top":0,"group_item_backup":false,"hide_transition":{"duration":0},"id":8,"locked":true,"name":"ST_OV_ABOVE_GRADIENT","pos":{"x":0.0,"y":0.0},"private_settings":{},"rot":0.0,"scale":{"x":1.0,"y":1.0},"scale_filter":"disable","show_transition":{"duration":0},"visible":true},{"align":5,"bounds":{"x":0.0,"y":0.0},"bounds_align":0,"bounds_type":0,"crop_bottom":0,"crop_left":0,"crop_right":0,"crop_top":0,"group_item_backup":false,"hide_transition":{"duration":0},"id":9,"locked":true,"name":"ST_OV_ABOVE_GREY","pos":{"x":0.0,"y":0.0},"private_settings":{},"rot":0.0,"scale":{"x":1.0,"y":1.0},"scale_filter":"disable","show_transition":{"duration":0},"visible":false},{"align":5,"bounds":{"x":0.0,"y":0.0},"bounds_align":0,"bounds_type":0,"crop_bottom":0,"crop_left":0,"crop_right":0,"crop_top":0,"group_item_backup":false,"hide_transition":{"duration":0},"id":12,"locked":true,"name":"Ex2 Subheading (for ABOVE overlay)","pos":{"x":213.0,"y":108.0},"private_settings":{},"rot":0.0,"scale":{"x":1.0,"y":1.0},"scale_filter":"disable","show_transition":{"duration":0},"visible":true},{"align":5,"bounds":{"x":0.0,"y":0.0},"bounds_align":0,"bounds_type":0,"crop_bottom":0,"crop_left":0,"crop_right":0,"crop_top":0,"group_item_backup":false,"hide_transition":{"duration":0},"id":13,"locked":true,"name":"Ex2 Heading (for ABOVE overlay)","pos":{"x":213.0,"y":23.0},"private_settings":{},"rot":0.0,"scale":{"x":1.0,"y":1.0},"scale_filter":"disable","show_transition":{"duration":0},"visible":true}]},"sync":0,"versioned_id":"group","volume":1.0},{"balance":0.5,"deinterlace_field_order":0,"deinterlace_mode":0,"enabled":true,"flags":0,"hotkeys":{"libobs.hide_scene_item.Ex3 Heading (for BELOW overlay)":[],"libobs.hide_scene_item.Ex3 Subheading (for BELOW overlay)":[],"libobs.hide_scene_item.ST_OV_BELOW_GRADIENT":[],"libobs.hide_scene_item.ST_OV_BELOW_GREY":[],"libobs.show_scene_item.Ex3 Heading (for BELOW overlay)":[],"libobs.show_scene_item.Ex3 Subheading (for BELOW overlay)":[],"libobs.show_scene_item.ST_OV_BELOW_GRADIENT":[],"libobs.show_scene_item.ST_OV_BELOW_GREY":[]},"id":"group","mixers":0,"monitoring_type":0,"muted":false,"name":"Ex3 BELOW overlay","prev_ver":452984833,"private_settings":{},"push-to-mute":false,"push-to-mute-delay":0,"push-to-talk":false,"push-to-talk-delay":0,"settings":{"custom_size":true,"cx":1920,"cy":1080,"id_counter":0,"items":[{"align":5,"bounds":{"x":0.0,"y":0.0},"bounds_align":0,"bounds_type":0,"crop_bottom":0,"crop_left":0,"crop_right":0,"crop_top":0,"group_item_backup":false,"hide_transition":{"duration":0},"id":4,"locked":true,"name":"ST_OV_BELOW_GRADIENT","pos":{"x":0.0,"y":0.0},"private_settings":{},"rot":0.0,"scale":{"x":1.0,"y":1.0},"scale_filter":"disable","show_transition":{"duration":0},"visible":true},{"align":5,"bounds":{"x":0.0,"y":0.0},"bounds_align":0,"bounds_type":0,"crop_bottom":0,"crop_left":0,"crop_right":0,"crop_top":0,"group_item_backup":false,"hide_transition":{"duration":0},"id":5,"locked":true,"name":"ST_OV_BELOW_GREY","pos":{"x":0.0,"y":0.0},"private_settings":{},"rot":0.0,"scale":{"x":1.0,"y":1.0},"scale_filter":"disable","show_transition":{"duration":0},"visible":false},{"align":5,"bounds":{"x":0.0,"y":0.0},"bounds_align":0,"bounds_type":0,"crop_bottom":0,"crop_left":0,"crop_right":0,"crop_top":0,"group_item_backup":false,"hide_transition":{"duration":0},"id":16,"locked":true,"name":"Ex3 Subheading (for BELOW overlay)","pos":{"x":203.0,"y":981.0},"private_settings":{},"rot":0.0,"scale":{"x":1.0,"y":1.0},"scale_filter":"disable","show_transition":{"duration":0},"visible":true},{"align":5,"bounds":{"x":0.0,"y":0.0},"bounds_align":0,"bounds_type":0,"crop_bottom":0,"crop_left":0,"crop_right":0,"crop_top":0,"group_item_backup":false,"hide_transition":{"duration":0},"id":12,"locked":true,"name":"Ex3 Heading (for BELOW overlay)","pos":{"x":204.0,"y":897.0},"private_settings":{},"rot":0.0,"scale":{"x":1.0,"y":1.0},"scale_filter":"disable","show_transition":{"duration":0},"visible":true}]},"sync":0,"versioned_id":"group","volume":1.0},{"balance":0.5,"deinterlace_field_order":0,"deinterlace_mode":0,"enabled":true,"flags":0,"hotkeys":{"libobs.hide_scene_item.Ex3 Heading (for ABOVE overlay)":[],"libobs.hide_scene_item.Ex3 Subheading (for ABOVE overlay)":[],"libobs.hide_scene_item.ST_OV_ABOVE_GRADIENT":[],"libobs.hide_scene_item.ST_OV_ABOVE_GREY":[],"libobs.show_scene_item.Ex3 Heading (for ABOVE overlay)":[],"libobs.show_scene_item.Ex3 Subheading (for ABOVE overlay)":[],"libobs.show_scene_item.ST_OV_ABOVE_GRADIENT":[],"libobs.show_scene_item.ST_OV_ABOVE_GREY":[]},"id":"group","mixers":0,"monitoring_type":0,"muted":false,"name":"Ex3 ABOVE overlay","prev_ver":452984833,"private_settings":{},"push-to-mute":false,"push-to-mute-delay":0,"push-to-talk":false,"push-to-talk-delay":0,"settings":{"custom_size":true,"cx":1920,"cy":1080,"id_counter":0,"items":[{"align":5,"bounds":{"x":0.0,"y":0.0},"bounds_align":0,"bounds_type":0,"crop_bottom":0,"crop_left":0,"crop_right":0,"crop_top":0,"group_item_backup":false,"hide_transition":{"duration":0},"id":8,"locked":true,"name":"ST_OV_ABOVE_GRADIENT","pos":{"x":0.0,"y":0.0},"private_settings":{},"rot":0.0,"scale":{"x":1.0,"y":1.0},"scale_filter":"disable","show_transition":{"duration":0},"visible":true},{"align":5,"bounds":{"x":0.0,"y":0.0},"bounds_align":0,"bounds_type":0,"crop_bottom":0,"crop_left":0,"crop_right":0,"crop_top":0,"group_item_backup":false,"hide_transition":{"duration":0},"id":9,"locked":true,"name":"ST_OV_ABOVE_GREY","pos":{"x":0.0,"y":0.0},"private_settings":{},"rot":0.0,"scale":{"x":1.0,"y":1.0},"scale_filter":"disable","show_transition":{"duration":0},"visible":false},{"align":5,"bounds":{"x":0.0,"y":0.0},"bounds_align":0,"bounds_type":0,"crop_bottom":0,"crop_left":0,"crop_right":0,"crop_top":0,"group_item_backup":false,"hide_transition":{"duration":0},"id":14,"locked":false,"name":"Ex3 Subheading (for ABOVE overlay)","pos":{"x":213.0,"y":108.0},"private_settings":{},"rot":0.0,"scale":{"x":1.0,"y":1.0},"scale_filter":"disable","show_transition":{"duration":0},"visible":true},{"align":5,"bounds":{"x":0.0,"y":0.0},"bounds_align":0,"bounds_type":0,"crop_bottom":0,"crop_left":0,"crop_right":0,"crop_top":0,"group_item_backup":false,"hide_transition":{"duration":0},"id":15,"locked":true,"name":"Ex3 Heading (for ABOVE overlay)","pos":{"x":213.0,"y":23.0},"private_settings":{},"rot":0.0,"scale":{"x":1.0,"y":1.0},"scale_filter":"disable","show_transition":{"duration":0},"visible":true}]},"sync":0,"versioned_id":"group","volume":1.0},{"balance":0.5,"deinterlace_field_order":0,"deinterlace_mode":0,"enabled":true,"flags":0,"hotkeys":{"libobs.hide_scene_item.Ex4 Heading (for ABOVE overlay)":[],"libobs.hide_scene_item.Ex4 Subheading (for ABOVE overlay)":[],"libobs.hide_scene_item.ST_OV_ABOVE_GRADIENT":[],"libobs.hide_scene_item.ST_OV_ABOVE_GREY":[],"libobs.show_scene_item.Ex4 Heading (for ABOVE overlay)":[],"libobs.show_scene_item.Ex4 Subheading (for ABOVE overlay)":[],"libobs.show_scene_item.ST_OV_ABOVE_GRADIENT":[],"libobs.show_scene_item.ST_OV_ABOVE_GREY":[]},"id":"group","mixers":0,"monitoring_type":0,"muted":false,"name":"Ex4 ABOVE overlay","prev_ver":452984833,"private_settings":{},"push-to-mute":false,"push-to-mute-delay":0,"push-to-talk":false,"push-to-talk-delay":0,"settings":{"custom_size":true,"cx":1920,"cy":1080,"id_counter":0,"items":[{"align":5,"bounds":{"x":0.0,"y":0.0},"bounds_align":0,"bounds_type":0,"crop_bottom":0,"crop_left":0,"crop_right":0,"crop_top":0,"group_item_backup":false,"hide_transition":{"duration":0},"id":19,"locked":true,"name":"ST_OV_ABOVE_GRADIENT","pos":{"x":0.0,"y":0.0},"private_settings":{},"rot":0.0,"scale":{"x":1.0,"y":1.0},"scale_filter":"disable","show_transition":{"duration":0},"visible":true},{"align":5,"bounds":{"x":0.0,"y":0.0},"bounds_align":0,"bounds_type":0,"crop_bottom":0,"crop_left":0,"crop_right":0,"crop_top":0,"group_item_backup":false,"hide_transition":{"duration":0},"id":20,"locked":true,"name":"ST_OV_ABOVE_GREY","pos":{"x":0.0,"y":0.0},"private_settings":{},"rot":0.0,"scale":{"x":1.0,"y":1.0},"scale_filter":"disable","show_transition":{"duration":0},"visible":false},{"align":5,"bounds":{"x":0.0,"y":0.0},"bounds_align":0,"bounds_type":0,"crop_bottom":0,"crop_left":0,"crop_right":0,"crop_top":0,"group_item_backup":false,"hide_transition":{"duration":0},"id":21,"locked":false,"name":"Ex4 Subheading (for ABOVE overlay)","pos":{"x":213.0,"y":108.0},"private_settings":{},"rot":0.0,"scale":{"x":1.0,"y":1.0},"scale_filter":"disable","show_transition":{"duration":0},"visible":true},{"align":5,"bounds":{"x":0.0,"y":0.0},"bounds_align":0,"bounds_type":0,"crop_bottom":0,"crop_left":0,"crop_right":0,"crop_top":0,"group_item_backup":false,"hide_transition":{"duration":0},"id":22,"locked":false,"name":"Ex4 Heading (for ABOVE overlay)","pos":{"x":213.0,"y":23.0},"private_settings":{},"rot":0.0,"scale":{"x":1.0,"y":1.0},"scale_filter":"disable","show_transition":{"duration":0},"visible":true}]},"sync":0,"versioned_id":"group","volume":1.0},{"balance":0.5,"deinterlace_field_order":0,"deinterlace_mode":0,"enabled":true,"flags":0,"hotkeys":{"libobs.hide_scene_item.Ex4 Heading (for BELOW overlay)":[],"libobs.hide_scene_item.Ex4 Subheading (for BELOW overlay)":[],"libobs.hide_scene_item.ST_OV_BELOW_GRADIENT":[],"libobs.hide_scene_item.ST_OV_BELOW_GREY":[],"libobs.show_scene_item.Ex4 Heading (for BELOW overlay)":[],"libobs.show_scene_item.Ex4 Subheading (for BELOW overlay)":[],"libobs.show_scene_item.ST_OV_BELOW_GRADIENT":[],"libobs.show_scene_item.ST_OV_BELOW_GREY":[]},"id":"group","mixers":0,"monitoring_type":0,"muted":false,"name":"Ex4 BELOW overlay","prev_ver":452984833,"private_settings":{},"push-to-mute":false,"push-to-mute-delay":0,"push-to-talk":false,"push-to-talk-delay":0,"settings":{"custom_size":true,"cx":1920,"cy":1080,"id_counter":0,"items":[{"align":5,"bounds":{"x":0.0,"y":0.0},"bounds_align":0,"bounds_type":0,"crop_bottom":0,"crop_left":0,"crop_right":0,"crop_top":0,"group_item_backup":false,"hide_transition":{"duration":0},"id":4,"locked":true,"name":"ST_OV_BELOW_GRADIENT","pos":{"x":0.0,"y":0.0},"private_settings":{},"rot":0.0,"scale":{"x":1.0,"y":1.0},"scale_filter":"disable","show_transition":{"duration":0},"visible":true},{"align":5,"bounds":{"x":0.0,"y":0.0},"bounds_align":0,"bounds_type":0,"crop_bottom":0,"crop_left":0,"crop_right":0,"crop_top":0,"group_item_backup":false,"hide_transition":{"duration":0},"id":5,"locked":true,"name":"ST_OV_BELOW_GREY","pos":{"x":0.0,"y":0.0},"private_settings":{},"rot":0.0,"scale":{"x":1.0,"y":1.0},"scale_filter":"disable","show_transition":{"duration":0},"visible":false},{"align":5,"bounds":{"x":0.0,"y":0.0},"bounds_align":0,"bounds_type":0,"crop_bottom":0,"crop_left":0,"crop_right":0,"crop_top":0,"group_item_backup":false,"hide_transition":{"duration":0},"id":14,"locked":false,"name":"Ex4 Subheading (for BELOW overlay)","pos":{"x":203.0,"y":981.0},"private_settings":{},"rot":0.0,"scale":{"x":1.0,"y":1.0},"scale_filter":"disable","show_transition":{"duration":0},"visible":true},{"align":5,"bounds":{"x":0.0,"y":0.0},"bounds_align":0,"bounds_type":0,"crop_bottom":0,"crop_left":0,"crop_right":0,"crop_top":0,"group_item_backup":false,"hide_transition":{"duration":0},"id":12,"locked":false,"name":"Ex4 Heading (for BELOW overlay)","pos":{"x":204.0,"y":897.0},"private_settings":{},"rot":0.0,"scale":{"x":1.0,"y":1.0},"scale_filter":"disable","show_transition":{"duration":0},"visible":true}]},"sync":0,"versioned_id":"group","volume":1.0}],"modules":{"auto-scene-switcher":{"active":false,"interval":300,"non_matching_scene":"","switch_if_not_matching":false,"switches":[]},"captions":{"enabled":false,"lang_id":1033,"provider":"mssapi","source":""},"decklink_captions":{"source":""},"output-timer":{"autoStartRecordTimer":false,"autoStartStreamTimer":false,"pauseRecordTimer":true,"recordTimerHours":0,"recordTimerMinutes":0,"recordTimerSeconds":30,"streamTimerHours":0,"streamTimerMinutes":0,"streamTimerSeconds":30},"scripts-tool":[]},"name":"2021.07-EWORKOUT_SCENES","preview_locked":false,"quick_transitions":[{"duration":300,"fade_to_black":false,"hotkeys":[],"id":1,"name":"Cut"},{"duration":300,"fade_to_black":false,"hotkeys":[],"id":2,"name":"Fade"},{"duration":300,"fade_to_black":true,"hotkeys":[],"id":3,"name":"Fade"}],"saved_projectors":[],"scaling_enabled":false,"scaling_level":0,"scaling_off_x":0.0,"scaling_off_y":0.0,"scene_order":[{"name":"Intro"},{"name":"Concept Explanation"},{"name":"Exercise 1"},{"name":"Exercise 2"},{"name":"Take a Break"},{"name":"Exercise 3"},{"name":"Exercise 4"},{"name":"Wrapping Up"},{"name":"Outro"}],"sources":[{"balance":0.5,"deinterlace_field_order":0,"deinterlace_mode":0,"enabled":true,"flags":0,"hotkeys":{},"id":"image_source","mixers":0,"monitoring_type":0,"muted":false,"name":"Outro Motivator","prev_ver":452984833,"private_settings":{},"push-to-mute":false,"push-to-mute-delay":0,"push-to-talk":false,"push-to-talk-delay":0,"settings":{"file":"C:/Users/quelixir/Documents/GitHub/private-obs-templates/2021.07-EWORKOUT_SCENES/ASSETS/IMAGES/OUTRO.png"},"sync":0,"versioned_id":"image_source","volume":1.0},{"balance":0.5,"deinterlace_field_order":0,"deinterlace_mode":0,"enabled":true,"flags":0,"hotkeys":{"OBSBasic.SelectScene":[],"libobs.hide_scene_item.Outro Motivator":[],"libobs.show_scene_item.Outro Motivator":[]},"id":"scene","mixers":0,"monitoring_type":0,"muted":false,"name":"Outro","prev_ver":452984833,"private_settings":{},"push-to-mute":false,"push-to-mute-delay":0,"push-to-talk":false,"push-to-talk-delay":0,"settings":{"custom_size":false,"id_counter":6,"items":[{"align":5,"bounds":{"x":0.0,"y":0.0},"bounds_align":0,"bounds_type":0,"crop_bottom":0,"crop_left":0,"crop_right":0,"crop_top":0,"group_item_backup":false,"hide_transition":{"duration":0},"id":6,"locked":true,"name":"Outro Motivator","pos":{"x":0.0,"y":0.0},"private_settings":{},"rot":0.0,"scale":{"x":1.0,"y":1.0},"scale_filter":"disable","show_transition":{"duration":0},"visible":true}]},"sync":0,"versioned_id":"scene","volume":1.0},{"balance":0.5,"deinterlace_field_order":0,"deinterlace_mode":0,"enabled":true,"flags":0,"hotkeys":{},"id":"text_gdiplus","mixers":0,"monitoring_type":0,"muted":false,"name":"WrapUp Heading (for BELOW overlay)","prev_ver":452984833,"private_settings":{},"push-to-mute":false,"push-to-mute-delay":0,"push-to-talk":false,"push-to-talk-delay":0,"settings":{"font":{"face":"Roboto","flags":2,"size":80,"style":"Medium Italic"},"text":"WRAPPING UP"},"sync":0,"versioned_id":"text_gdiplus_v2","volume":1.0},{"balance":0.5,"deinterlace_field_order":0,"deinterlace_mode":0,"enabled":true,"flags":0,"hotkeys":{},"id":"text_gdiplus","mixers":0,"monitoring_type":0,"muted":false,"name":"WrapUp Heading (for ABOVE overlay)","prev_ver":452984833,"private_settings":{},"push-to-mute":false,"push-to-mute-delay":0,"push-to-talk":false,"push-to-talk-delay":0,"settings":{"font":{"face":"Roboto","flags":2,"size":80,"style":"Medium Italic"},"text":"WRAPPING UP"},"sync":0,"versioned_id":"text_gdiplus_v2","volume":1.0},{"balance":0.5,"deinterlace_field_order":0,"deinterlace_mode":0,"enabled":true,"flags":0,"hotkeys":{"OBSBasic.SelectScene":[],"libobs.hide_scene_item.Display Capture":[],"libobs.hide_scene_item.Screen share":[],"libobs.hide_scene_item.Webcam":[],"libobs.hide_scene_item.WrapUp":[],"libobs.hide_scene_item.WrapUp ABOVE overlay":[],"libobs.show_scene_item.Display Capture":[],"libobs.show_scene_item.Screen share":[],"libobs.show_scene_item.Webcam":[],"libobs.show_scene_item.WrapUp":[],"libobs.show_scene_item.WrapUp ABOVE overlay":[]},"id":"scene","mixers":0,"monitoring_type":0,"muted":false,"name":"Wrapping Up","prev_ver":452984833,"private_settings":{},"push-to-mute":false,"push-to-mute-delay":0,"push-to-talk":false,"push-to-talk-delay":0,"settings":{"custom_size":false,"id_counter":13,"items":[{"align":5,"bounds":{"x":1920.0,"y":1080.0},"bounds_align":0,"bounds_type":2,"crop_bottom":0,"crop_left":0,"crop_right":0,"crop_top":0,"group_item_backup":false,"hide_transition":{"duration":0},"id":1,"locked":true,"name":"Display Capture","pos":{"x":0.0,"y":0.0},"private_settings":{},"rot":0.0,"scale":{"x":1.0,"y":1.0},"scale_filter":"disable","show_transition":{"duration":0},"visible":true},{"align":5,"bounds":{"x":0.0,"y":0.0},"bounds_align":0,"bounds_type":0,"crop_bottom":0,"crop_left":0,"crop_right":0,"crop_top":0,"group_item_backup":false,"hide_transition":{"duration":0},"id":2,"locked":true,"name":"Screen share","pos":{"x":0.0,"y":0.0},"private_settings":{},"rot":0.0,"scale":{"x":0.75,"y":0.75},"scale_filter":"disable","show_transition":{"duration":0},"visible":true},{"align":5,"bounds":{"x":0.0,"y":0.0},"bounds_align":0,"bounds_type":0,"crop_bottom":0,"crop_left":0,"crop_right":0,"crop_top":0,"group_item_backup":false,"hide_transition":{"duration":0},"id":3,"locked":true,"name":"Webcam","pos":{"x":1527.0,"y":785.0},"private_settings":{},"rot":0.0,"scale":{"x":0.61406248807907104,"y":0.61458331346511841},"scale_filter":"disable","show_transition":{"duration":0},"visible":true},{"align":5,"bounds":{"x":0.0,"y":0.0},"bounds_align":0,"bounds_type":0,"crop_bottom":0,"crop_left":0,"crop_right":0,"crop_top":0,"group_item_backup":true,"hide_transition":{"duration":0},"id":4,"locked":true,"name":"ST_OV_BELOW_GRADIENT","pos":{"x":0.0,"y":0.0},"private_settings":{},"rot":0.0,"scale":{"x":1.0,"y":1.0},"scale_filter":"disable","show_transition":{"duration":0},"visible":true},{"align":5,"bounds":{"x":0.0,"y":0.0},"bounds_align":0,"bounds_type":0,"crop_bottom":0,"crop_left":0,"crop_right":0,"crop_top":0,"group_item_backup":true,"hide_transition":{"duration":0},"id":5,"locked":true,"name":"ST_OV_BELOW_GREY","pos":{"x":0.0,"y":0.0},"private_settings":{},"rot":0.0,"scale":{"x":1.0,"y":1.0},"scale_filter":"disable","show_transition":{"duration":0},"visible":false},{"align":5,"bounds":{"x":0.0,"y":0.0},"bounds_align":0,"bounds_type":0,"crop_bottom":0,"crop_left":0,"crop_right":0,"crop_top":0,"group_item_backup":true,"hide_transition":{"duration":0},"id":13,"locked":true,"name":"WrapUp Heading (for BELOW overlay)","pos":{"x":213.0,"y":54.0},"private_settings":{},"rot":0.0,"scale":{"x":1.0,"y":1.0},"scale_filter":"disable","show_transition":{"duration":0},"visible":true},{"align":5,"bounds":{"x":0.0,"y":0.0},"bounds_align":0,"bounds_type":0,"crop_bottom":0,"crop_left":0,"crop_right":0,"crop_top":0,"group_item_backup":false,"hide_transition":{"duration":0},"id":12,"locked":true,"name":"WrapUp","pos":{"x":0.0,"y":0.0},"private_settings":{"collapsed":true},"rot":0.0,"scale":{"x":1.0,"y":1.0},"scale_filter":"disable","show_transition":{"duration":0},"visible":false},{"align":5,"bounds":{"x":0.0,"y":0.0},"bounds_align":0,"bounds_type":0,"crop_bottom":0,"crop_left":0,"crop_right":0,"crop_top":0,"group_item_backup":true,"hide_transition":{"duration":0},"id":7,"locked":true,"name":"ST_OV_ABOVE_GRADIENT","pos":{"x":0.0,"y":0.0},"private_settings":{},"rot":0.0,"scale":{"x":1.0,"y":1.0},"scale_filter":"disable","show_transition":{"duration":0},"visible":true},{"align":5,"bounds":{"x":0.0,"y":0.0},"bounds_align":0,"bounds_type":0,"crop_bottom":0,"crop_left":0,"crop_right":0,"crop_top":0,"group_item_backup":true,"hide_transition":{"duration":0},"id":8,"locked":true,"name":"ST_OV_ABOVE_GREY","pos":{"x":0.0,"y":0.0},"private_settings":{},"rot":0.0,"scale":{"x":1.0,"y":1.0},"scale_filter":"disable","show_transition":{"duration":0},"visible":false},{"align":5,"bounds":{"x":0.0,"y":0.0},"bounds_align":0,"bounds_type":0,"crop_bottom":0,"crop_left":0,"crop_right":0,"crop_top":0,"group_item_backup":true,"hide_transition":{"duration":0},"id":10,"locked":true,"name":"WrapUp Heading (for ABOVE overlay)","pos":{"x":213.0,"y":54.0},"private_settings":{},"rot":0.0,"scale":{"x":1.0,"y":1.0},"scale_filter":"disable","show_transition":{"duration":0},"visible":true},{"align":5,"bounds":{"x":0.0,"y":0.0},"bounds_align":0,"bounds_type":0,"crop_bottom":0,"crop_left":0,"crop_right":0,"crop_top":0,"group_item_backup":false,"hide_transition":{"duration":0},"id":11,"locked":true,"name":"WrapUp ABOVE overlay","pos":{"x":0.0,"y":0.0},"private_settings":{"collapsed":true},"rot":0.0,"scale":{"x":1.0,"y":1.0},"scale_filter":"disable","show_transition":{"duration":0},"visible":true}]},"sync":0,"versioned_id":"scene","volume":1.0},{"balance":0.5,"deinterlace_field_order":0,"deinterlace_mode":0,"enabled":true,"flags":0,"hotkeys":{},"id":"text_gdiplus","mixers":0,"monitoring_type":0,"muted":false,"name":"Break Title","prev_ver":452984833,"private_settings":{},"push-to-mute":false,"push-to-mute-delay":0,"push-to-talk":false,"push-to-talk-delay":0,"settings":{"align":"center","font":{"face":"Roboto","flags":2,"size":200,"style":"Medium Italic"},"text":"BREAK TIME"},"sync":0,"versioned_id":"text_gdiplus_v2","volume":1.0},{"balance":0.5,"deinterlace_field_order":0,"deinterlace_mode":0,"enabled":true,"flags":0,"hotkeys":{"OBSBasic.SelectScene":[],"libobs.hide_scene_item.Break Title":[],"libobs.hide_scene_item.Subtitle or description":[],"libobs.hide_scene_item.Valor Gradient":[],"libobs.hide_scene_item.Valor Logo":[],"libobs.hide_scene_item.Webcam":[],"libobs.show_scene_item.Break Title":[],"libobs.show_scene_item.Subtitle or description":[],"libobs.show_scene_item.Valor Gradient":[],"libobs.show_scene_item.Valor Logo":[],"libobs.show_scene_item.Webcam":[]},"id":"scene","mixers":0,"monitoring_type":0,"muted":false,"name":"Take a Break","prev_ver":452984833,"private_settings":{},"push-to-mute":false,"push-to-mute-delay":0,"push-to-talk":false,"push-to-talk-delay":0,"settings":{"custom_size":false,"id_counter":6,"items":[{"align":5,"bounds":{"x":1920.0,"y":1080.0},"bounds_align":0,"bounds_type":1,"crop_bottom":0,"crop_left":0,"crop_right":0,"crop_top":0,"group_item_backup":false,"hide_transition":{"duration":0},"id":1,"locked":true,"name":"Valor Gradient","pos":{"x":0.0,"y":0.0},"private_settings":{},"rot":0.0,"scale":{"x":1.0,"y":1.0},"scale_filter":"disable","show_transition":{"duration":0},"visible":true},{"align":5,"bounds":{"x":0.0,"y":0.0},"bounds_align":0,"bounds_type":0,"crop_bottom":0,"crop_left":0,"crop_right":0,"crop_top":0,"group_item_backup":false,"hide_transition":{"duration":0},"id":2,"locked":true,"name":"Webcam","pos":{"x":490.0,"y":283.0},"private_settings":{},"rot":0.0,"scale":{"x":1.46875,"y":1.46875},"scale_filter":"disable","show_transition":{"duration":0},"visible":true},{"align":5,"bounds":{"x":0.0,"y":0.0},"bounds_align":0,"bounds_type":0,"crop_bottom":0,"crop_left":0,"crop_right":0,"crop_top":0,"group_item_backup":false,"hide_transition":{"duration":0},"id":3,"locked":true,"name":"Valor Logo","pos":{"x":1766.0,"y":939.0},"private_settings":{},"rot":0.0,"scale":{"x":0.036924120038747787,"y":0.036924120038747787},"scale_filter":"disable","show_transition":{"duration":0},"visible":true},{"align":5,"bounds":{"x":0.0,"y":0.0},"bounds_align":0,"bounds_type":0,"crop_bottom":0,"crop_left":0,"crop_right":0,"crop_top":0,"group_item_backup":false,"hide_transition":{"duration":0},"id":4,"locked":true,"name":"Subtitle or description","pos":{"x":359.71942138671875,"y":173.0},"private_settings":{},"rot":0.0,"scale":{"x":0.21335723996162415,"y":0.21484375},"scale_filter":"disable","show_transition":{"duration":0},"visible":true},{"align":5,"bounds":{"x":0.0,"y":0.0},"bounds_align":0,"bounds_type":0,"crop_bottom":0,"crop_left":0,"crop_right":0,"crop_top":0,"group_item_backup":false,"hide_transition":{"duration":0},"id":6,"locked":true,"name":"Break Title","pos":{"x":675.07977294921875,"y":42.0},"private_settings":{},"rot":0.0,"scale":{"x":0.51106768846511841,"y":0.51171875},"scale_filter":"disable","show_transition":{"duration":0},"visible":true}]},"sync":0,"versioned_id":"scene","volume":1.0},{"balance":0.5,"deinterlace_field_order":0,"deinterlace_mode":0,"enabled":true,"flags":0,"hotkeys":{},"id":"text_gdiplus","mixers":0,"monitoring_type":0,"muted":false,"name":"Ex4 Subheading (for ABOVE overlay)","prev_ver":452984833,"private_settings":{},"push-to-mute":false,"push-to-mute-delay":0,"push-to-talk":false,"push-to-talk-delay":0,"settings":{"font":{"face":"Roboto","flags":2,"size":55,"style":"Medium Italic"},"text":"5 MINS"},"sync":0,"versioned_id":"text_gdiplus_v2","volume":1.0},{"balance":0.5,"deinterlace_field_order":0,"deinterlace_mode":0,"enabled":true,"flags":0,"hotkeys":{},"id":"text_gdiplus","mixers":0,"monitoring_type":0,"muted":false,"name":"Ex4 Heading (for ABOVE overlay)","prev_ver":452984833,"private_settings":{},"push-to-mute":false,"push-to-mute-delay":0,"push-to-talk":false,"push-to-talk-delay":0,"settings":{"font":{"face":"Roboto","flags":2,"size":80,"style":"Medium Italic"},"text":"FOURTH EXERCISE"},"sync":0,"versioned_id":"text_gdiplus_v2","volume":1.0},{"balance":0.5,"deinterlace_field_order":0,"deinterlace_mode":0,"enabled":true,"flags":0,"hotkeys":{},"id":"text_gdiplus","mixers":0,"monitoring_type":0,"muted":false,"name":"Ex4 Subheading (for BELOW overlay)","prev_ver":452984833,"private_settings":{},"push-to-mute":false,"push-to-mute-delay":0,"push-to-talk":false,"push-to-talk-delay":0,"settings":{"font":{"face":"Roboto","flags":2,"size":55,"style":"Medium Italic"},"text":"5 MINS"},"sync":0,"versioned_id":"text_gdiplus_v2","volume":1.0},{"balance":0.5,"deinterlace_field_order":0,"deinterlace_mode":0,"enabled":true,"flags":0,"hotkeys":{},"id":"text_gdiplus","mixers":0,"monitoring_type":0,"muted":false,"name":"Ex4 Heading (for BELOW overlay)","prev_ver":452984833,"private_settings":{},"push-to-mute":false,"push-to-mute-delay":0,"push-to-talk":false,"push-to-talk-delay":0,"settings":{"font":{"face":"Roboto","flags":2,"size":80,"style":"Medium Italic"},"text":"FOURTH EXERCISE"},"sync":0,"versioned_id":"text_gdiplus_v2","volume":1.0},{"balance":0.5,"deinterlace_field_order":0,"deinterlace_mode":0,"enabled":true,"flags":0,"hotkeys":{},"id":"text_gdiplus","mixers":0,"monitoring_type":0,"muted":false,"name":"Ex3 Subheading (for BELOW overlay)","prev_ver":452984833,"private_settings":{},"push-to-mute":false,"push-to-mute-delay":0,"push-to-talk":false,"push-to-talk-delay":0,"settings":{"font":{"face":"Roboto","flags":2,"size":55,"style":"Medium Italic"},"text":"5 MINS"},"sync":0,"versioned_id":"text_gdiplus_v2","volume":1.0},{"balance":0.5,"deinterlace_field_order":0,"deinterlace_mode":0,"enabled":true,"flags":0,"hotkeys":{},"id":"text_gdiplus","mixers":0,"monitoring_type":0,"muted":false,"name":"Ex3 Heading (for ABOVE overlay)","prev_ver":452984833,"private_settings":{},"push-to-mute":false,"push-to-mute-delay":0,"push-to-talk":false,"push-to-talk-delay":0,"settings":{"font":{"face":"Roboto","flags":2,"size":80,"style":"Medium Italic"},"text":"THIRD EXERCISE"},"sync":0,"versioned_id":"text_gdiplus_v2","volume":1.0},{"balance":0.5,"deinterlace_field_order":0,"deinterlace_mode":0,"enabled":true,"flags":0,"hotkeys":{},"id":"text_gdiplus","mixers":0,"monitoring_type":0,"muted":false,"name":"Ex3 Subheading (for ABOVE overlay)","prev_ver":452984833,"private_settings":{},"push-to-mute":false,"push-to-mute-delay":0,"push-to-talk":false,"push-to-talk-delay":0,"settings":{"font":{"face":"Roboto","flags":2,"size":55,"style":"Medium Italic"},"text":"5 MINS"},"sync":0,"versioned_id":"text_gdiplus_v2","volume":1.0},{"balance":0.5,"deinterlace_field_order":0,"deinterlace_mode":0,"enabled":true,"flags":0,"hotkeys":{},"id":"text_gdiplus","mixers":0,"monitoring_type":0,"muted":false,"name":"Ex3 Heading (for BELOW overlay)","prev_ver":452984833,"private_settings":{},"push-to-mute":false,"push-to-mute-delay":0,"push-to-talk":false,"push-to-talk-delay":0,"settings":{"font":{"face":"Roboto","flags":2,"size":80,"style":"Medium Italic"},"text":"THIRD EXERCISE"},"sync":0,"versioned_id":"text_gdiplus_v2","volume":1.0},{"balance":0.5,"deinterlace_field_order":0,"deinterlace_mode":0,"enabled":true,"flags":0,"hotkeys":{"OBSBasic.SelectScene":[],"libobs.hide_scene_item.Display Capture":[],"libobs.hide_scene_item.Ex4 ABOVE overlay":[],"libobs.hide_scene_item.Ex4 BELOW overlay":[],"libobs.hide_scene_item.Screen share":[],"libobs.hide_scene_item.Webcam":[],"libobs.show_scene_item.Display Capture":[],"libobs.show_scene_item.Ex4 ABOVE overlay":[],"libobs.show_scene_item.Ex4 BELOW overlay":[],"libobs.show_scene_item.Screen share":[],"libobs.show_scene_item.Webcam":[]},"id":"scene","mixers":0,"monitoring_type":0,"muted":false,"name":"Exercise 4","prev_ver":452984833,"private_settings":{},"push-to-mute":false,"push-to-mute-delay":0,"push-to-talk":false,"push-to-talk-delay":0,"settings":{"custom_size":false,"id_counter":23,"items":[{"align":5,"bounds":{"x":1920.0,"y":1080.0},"bounds_align":0,"bounds_type":2,"crop_bottom":0,"crop_left":0,"crop_right":0,"crop_top":0,"group_item_backup":false,"hide_transition":{"duration":0},"id":1,"locked":true,"name":"Display Capture","pos":{"x":0.0,"y":0.0},"private_settings":{},"rot":0.0,"scale":{"x":1.0,"y":1.0},"scale_filter":"disable","show_transition":{"duration":0},"visible":true},{"align":5,"bounds":{"x":0.0,"y":0.0},"bounds_align":0,"bounds_type":0,"crop_bottom":0,"crop_left":0,"crop_right":0,"crop_top":0,"group_item_backup":false,"hide_transition":{"duration":0},"id":2,"locked":true,"name":"Screen share","pos":{"x":0.0,"y":0.0},"private_settings":{},"rot":0.0,"scale":{"x":0.75,"y":0.75},"scale_filter":"disable","show_transition":{"duration":0},"visible":true},{"align":5,"bounds":{"x":0.0,"y":0.0},"bounds_align":0,"bounds_type":0,"crop_bottom":0,"crop_left":0,"crop_right":0,"crop_top":0,"group_item_backup":false,"hide_transition":{"duration":0},"id":3,"locked":true,"name":"Webcam","pos":{"x":1527.0,"y":785.0},"private_settings":{},"rot":0.0,"scale":{"x":0.61406248807907104,"y":0.61458331346511841},"scale_filter":"disable","show_transition":{"duration":0},"visible":true},{"align":5,"bounds":{"x":0.0,"y":0.0},"bounds_align":0,"bounds_type":0,"crop_bottom":0,"crop_left":0,"crop_right":0,"crop_top":0,"group_item_backup":true,"hide_transition":{"duration":0},"id":4,"locked":true,"name":"ST_OV_BELOW_GRADIENT","pos":{"x":0.0,"y":0.0},"private_settings":{},"rot":0.0,"scale":{"x":1.0,"y":1.0},"scale_filter":"disable","show_transition":{"duration":0},"visible":true},{"align":5,"bounds":{"x":0.0,"y":0.0},"bounds_align":0,"bounds_type":0,"crop_bottom":0,"crop_left":0,"crop_right":0,"crop_top":0,"group_item_backup":true,"hide_transition":{"duration":0},"id":5,"locked":true,"name":"ST_OV_BELOW_GREY","pos":{"x":0.0,"y":0.0},"private_settings":{},"rot":0.0,"scale":{"x":1.0,"y":1.0},"scale_filter":"disable","show_transition":{"duration":0},"visible":false},{"align":5,"bounds":{"x":0.0,"y":0.0},"bounds_align":0,"bounds_type":0,"crop_bottom":0,"crop_left":0,"crop_right":0,"crop_top":0,"group_item_backup":true,"hide_transition":{"duration":0},"id":14,"locked":false,"name":"Ex4 Subheading (for BELOW overlay)","pos":{"x":203.0,"y":981.0},"private_settings":{},"rot":0.0,"scale":{"x":1.0,"y":1.0},"scale_filter":"disable","show_transition":{"duration":0},"visible":true},{"align":5,"bounds":{"x":0.0,"y":0.0},"bounds_align":0,"bounds_type":0,"crop_bottom":0,"crop_left":0,"crop_right":0,"crop_top":0,"group_item_backup":true,"hide_transition":{"duration":0},"id":12,"locked":false,"name":"Ex4 Heading (for BELOW overlay)","pos":{"x":204.0,"y":897.0},"private_settings":{},"rot":0.0,"scale":{"x":1.0,"y":1.0},"scale_filter":"disable","show_transition":{"duration":0},"visible":true},{"align":5,"bounds":{"x":0.0,"y":0.0},"bounds_align":0,"bounds_type":0,"crop_bottom":0,"crop_left":0,"crop_right":0,"crop_top":0,"group_item_backup":false,"hide_transition":{"duration":0},"id":18,"locked":true,"name":"Ex4 BELOW overlay","pos":{"x":0.0,"y":0.0},"private_settings":{"collapsed":true},"rot":0.0,"scale":{"x":1.0,"y":1.0},"scale_filter":"disable","show_transition":{"duration":0},"visible":false},{"align":5,"bounds":{"x":0.0,"y":0.0},"bounds_align":0,"bounds_type":0,"crop_bottom":0,"crop_left":0,"crop_right":0,"crop_top":0,"group_item_backup":true,"hide_transition":{"duration":0},"id":19,"locked":true,"name":"ST_OV_ABOVE_GRADIENT","pos":{"x":0.0,"y":0.0},"private_settings":{},"rot":0.0,"scale":{"x":1.0,"y":1.0},"scale_filter":"disable","show_transition":{"duration":0},"visible":true},{"align":5,"bounds":{"x":0.0,"y":0.0},"bounds_align":0,"bounds_type":0,"crop_bottom":0,"crop_left":0,"crop_right":0,"crop_top":0,"group_item_backup":true,"hide_transition":{"duration":0},"id":20,"locked":true,"name":"ST_OV_ABOVE_GREY","pos":{"x":0.0,"y":0.0},"private_settings":{},"rot":0.0,"scale":{"x":1.0,"y":1.0},"scale_filter":"disable","show_transition":{"duration":0},"visible":false},{"align":5,"bounds":{"x":0.0,"y":0.0},"bounds_align":0,"bounds_type":0,"crop_bottom":0,"crop_left":0,"crop_right":0,"crop_top":0,"group_item_backup":true,"hide_transition":{"duration":0},"id":21,"locked":false,"name":"Ex4 Subheading (for ABOVE overlay)","pos":{"x":213.0,"y":108.0},"private_settings":{},"rot":0.0,"scale":{"x":1.0,"y":1.0},"scale_filter":"disable","show_transition":{"duration":0},"visible":true},{"align":5,"bounds":{"x":0.0,"y":0.0},"bounds_align":0,"bounds_type":0,"crop_bottom":0,"crop_left":0,"crop_right":0,"crop_top":0,"group_item_backup":true,"hide_transition":{"duration":0},"id":22,"locked":false,"name":"Ex4 Heading (for ABOVE overlay)","pos":{"x":213.0,"y":23.0},"private_settings":{},"rot":0.0,"scale":{"x":1.0,"y":1.0},"scale_filter":"disable","show_transition":{"duration":0},"visible":true},{"align":5,"bounds":{"x":0.0,"y":0.0},"bounds_align":0,"bounds_type":0,"crop_bottom":0,"crop_left":0,"crop_right":0,"crop_top":0,"group_item_backup":false,"hide_transition":{"duration":0},"id":23,"locked":true,"name":"Ex4 ABOVE overlay","pos":{"x":0.0,"y":0.0},"private_settings":{"collapsed":true},"rot":0.0,"scale":{"x":1.0,"y":1.0},"scale_filter":"disable","show_transition":{"duration":0},"visible":true}]},"sync":0,"versioned_id":"scene","volume":1.0},{"balance":0.5,"deinterlace_field_order":0,"deinterlace_mode":0,"enabled":true,"flags":0,"hotkeys":{"OBSBasic.SelectScene":[],"libobs.hide_scene_item.Display Capture":[],"libobs.hide_scene_item.Ex3 ABOVE overlay":[],"libobs.hide_scene_item.Ex3 BELOW overlay":[],"libobs.hide_scene_item.Screen share":[],"libobs.hide_scene_item.Webcam":[],"libobs.show_scene_item.Display Capture":[],"libobs.show_scene_item.Ex3 ABOVE overlay":[],"libobs.show_scene_item.Ex3 BELOW overlay":[],"libobs.show_scene_item.Screen share":[],"libobs.show_scene_item.Webcam":[]},"id":"scene","mixers":0,"monitoring_type":0,"muted":false,"name":"Exercise 3","prev_ver":452984833,"private_settings":{},"push-to-mute":false,"push-to-mute-delay":0,"push-to-talk":false,"push-to-talk-delay":0,"settings":{"custom_size":false,"id_counter":18,"items":[{"align":5,"bounds":{"x":1920.0,"y":1080.0},"bounds_align":0,"bounds_type":2,"crop_bottom":0,"crop_left":0,"crop_right":0,"crop_top":0,"group_item_backup":false,"hide_transition":{"duration":0},"id":1,"locked":true,"name":"Display Capture","pos":{"x":0.0,"y":0.0},"private_settings":{},"rot":0.0,"scale":{"x":1.0,"y":1.0},"scale_filter":"disable","show_transition":{"duration":0},"visible":true},{"align":5,"bounds":{"x":0.0,"y":0.0},"bounds_align":0,"bounds_type":0,"crop_bottom":0,"crop_left":0,"crop_right":0,"crop_top":0,"group_item_backup":false,"hide_transition":{"duration":0},"id":2,"locked":true,"name":"Screen share","pos":{"x":0.0,"y":0.0},"private_settings":{},"rot":0.0,"scale":{"x":0.75,"y":0.75},"scale_filter":"disable","show_transition":{"duration":0},"visible":true},{"align":5,"bounds":{"x":0.0,"y":0.0},"bounds_align":0,"bounds_type":0,"crop_bottom":0,"crop_left":0,"crop_right":0,"crop_top":0,"group_item_backup":false,"hide_transition":{"duration":0},"id":3,"locked":true,"name":"Webcam","pos":{"x":1527.0,"y":785.0},"private_settings":{},"rot":0.0,"scale":{"x":0.61406248807907104,"y":0.61458331346511841},"scale_filter":"disable","show_transition":{"duration":0},"visible":true},{"align":5,"bounds":{"x":0.0,"y":0.0},"bounds_align":0,"bounds_type":0,"crop_bottom":0,"crop_left":0,"crop_right":0,"crop_top":0,"group_item_backup":true,"hide_transition":{"duration":0},"id":4,"locked":true,"name":"ST_OV_BELOW_GRADIENT","pos":{"x":0.0,"y":0.0},"private_settings":{},"rot":0.0,"scale":{"x":1.0,"y":1.0},"scale_filter":"disable","show_transition":{"duration":0},"visible":true},{"align":5,"bounds":{"x":0.0,"y":0.0},"bounds_align":0,"bounds_type":0,"crop_bottom":0,"crop_left":0,"crop_right":0,"crop_top":0,"group_item_backup":true,"hide_transition":{"duration":0},"id":5,"locked":true,"name":"ST_OV_BELOW_GREY","pos":{"x":0.0,"y":0.0},"private_settings":{},"rot":0.0,"scale":{"x":1.0,"y":1.0},"scale_filter":"disable","show_transition":{"duration":0},"visible":false},{"align":5,"bounds":{"x":0.0,"y":0.0},"bounds_align":0,"bounds_type":0,"crop_bottom":0,"crop_left":0,"crop_right":0,"crop_top":0,"group_item_backup":true,"hide_transition":{"duration":0},"id":16,"locked":true,"name":"Ex3 Subheading (for BELOW overlay)","pos":{"x":203.0,"y":981.0},"private_settings":{},"rot":0.0,"scale":{"x":1.0,"y":1.0},"scale_filter":"disable","show_transition":{"duration":0},"visible":true},{"align":5,"bounds":{"x":0.0,"y":0.0},"bounds_align":0,"bounds_type":0,"crop_bottom":0,"crop_left":0,"crop_right":0,"crop_top":0,"group_item_backup":true,"hide_transition":{"duration":0},"id":12,"locked":true,"name":"Ex3 Heading (for BELOW overlay)","pos":{"x":204.0,"y":897.0},"private_settings":{},"rot":0.0,"scale":{"x":1.0,"y":1.0},"scale_filter":"disable","show_transition":{"duration":0},"visible":true},{"align":5,"bounds":{"x":0.0,"y":0.0},"bounds_align":0,"bounds_type":0,"crop_bottom":0,"crop_left":0,"crop_right":0,"crop_top":0,"group_item_backup":false,"hide_transition":{"duration":0},"id":18,"locked":true,"name":"Ex3 BELOW overlay","pos":{"x":0.0,"y":0.0},"private_settings":{"collapsed":true},"rot":0.0,"scale":{"x":1.0,"y":1.0},"scale_filter":"disable","show_transition":{"duration":0},"visible":false},{"align":5,"bounds":{"x":0.0,"y":0.0},"bounds_align":0,"bounds_type":0,"crop_bottom":0,"crop_left":0,"crop_right":0,"crop_top":0,"group_item_backup":true,"hide_transition":{"duration":0},"id":8,"locked":true,"name":"ST_OV_ABOVE_GRADIENT","pos":{"x":0.0,"y":0.0},"private_settings":{},"rot":0.0,"scale":{"x":1.0,"y":1.0},"scale_filter":"disable","show_transition":{"duration":0},"visible":true},{"align":5,"bounds":{"x":0.0,"y":0.0},"bounds_align":0,"bounds_type":0,"crop_bottom":0,"crop_left":0,"crop_right":0,"crop_top":0,"group_item_backup":true,"hide_transition":{"duration":0},"id":9,"locked":true,"name":"ST_OV_ABOVE_GREY","pos":{"x":0.0,"y":0.0},"private_settings":{},"rot":0.0,"scale":{"x":1.0,"y":1.0},"scale_filter":"disable","show_transition":{"duration":0},"visible":false},{"align":5,"bounds":{"x":0.0,"y":0.0},"bounds_align":0,"bounds_type":0,"crop_bottom":0,"crop_left":0,"crop_right":0,"crop_top":0,"group_item_backup":true,"hide_transition":{"duration":0},"id":14,"locked":false,"name":"Ex3 Subheading (for ABOVE overlay)","pos":{"x":213.0,"y":108.0},"private_settings":{},"rot":0.0,"scale":{"x":1.0,"y":1.0},"scale_filter":"disable","show_transition":{"duration":0},"visible":true},{"align":5,"bounds":{"x":0.0,"y":0.0},"bounds_align":0,"bounds_type":0,"crop_bottom":0,"crop_left":0,"crop_right":0,"crop_top":0,"group_item_backup":true,"hide_transition":{"duration":0},"id":15,"locked":true,"name":"Ex3 Heading (for ABOVE overlay)","pos":{"x":213.0,"y":23.0},"private_settings":{},"rot":0.0,"scale":{"x":1.0,"y":1.0},"scale_filter":"disable","show_transition":{"duration":0},"visible":true},{"align":5,"bounds":{"x":0.0,"y":0.0},"bounds_align":0,"bounds_type":0,"crop_bottom":0,"crop_left":0,"crop_right":0,"crop_top":0,"group_item_backup":false,"hide_transition":{"duration":0},"id":17,"locked":true,"name":"Ex3 ABOVE overlay","pos":{"x":0.0,"y":0.0},"private_settings":{"collapsed":true},"rot":0.0,"scale":{"x":1.0,"y":1.0},"scale_filter":"disable","show_transition":{"duration":0},"visible":true}]},"sync":0,"versioned_id":"scene","volume":1.0},{"balance":0.5,"deinterlace_field_order":0,"deinterlace_mode":0,"enabled":true,"flags":0,"hotkeys":{},"id":"text_gdiplus","mixers":0,"monitoring_type":0,"muted":false,"name":"Ex2 Heading (for BELOW overlay)","prev_ver":452984833,"private_settings":{},"push-to-mute":false,"push-to-mute-delay":0,"push-to-talk":false,"push-to-talk-delay":0,"settings":{"font":{"face":"Roboto","flags":2,"size":80,"style":"Medium Italic"},"text":"SECOND EXERCISE"},"sync":0,"versioned_id":"text_gdiplus_v2","volume":1.0},{"balance":0.5,"deinterlace_field_order":0,"deinterlace_mode":0,"enabled":true,"flags":0,"hotkeys":{},"id":"text_gdiplus","mixers":0,"monitoring_type":0,"muted":false,"name":"Ex2 Subheading (for BELOW overlay)","prev_ver":452984833,"private_settings":{},"push-to-mute":false,"push-to-mute-delay":0,"push-to-talk":false,"push-to-talk-delay":0,"settings":{"font":{"face":"Roboto","flags":2,"size":55,"style":"Medium Italic"},"text":"5 MINS"},"sync":0,"versioned_id":"text_gdiplus_v2","volume":1.0},{"balance":0.5,"deinterlace_field_order":0,"deinterlace_mode":0,"enabled":true,"flags":0,"hotkeys":{},"id":"text_gdiplus","mixers":0,"monitoring_type":0,"muted":false,"name":"Ex2 Heading (for ABOVE overlay)","prev_ver":452984833,"private_settings":{},"push-to-mute":false,"push-to-mute-delay":0,"push-to-talk":false,"push-to-talk-delay":0,"settings":{"font":{"face":"Roboto","flags":2,"size":80,"style":"Medium Italic"},"text":"SECOND EXERCISE"},"sync":0,"versioned_id":"text_gdiplus_v2","volume":1.0},{"balance":0.5,"deinterlace_field_order":0,"deinterlace_mode":0,"enabled":true,"flags":0,"hotkeys":{},"id":"text_gdiplus","mixers":0,"monitoring_type":0,"muted":false,"name":"Ex2 Subheading (for ABOVE overlay)","prev_ver":452984833,"private_settings":{},"push-to-mute":false,"push-to-mute-delay":0,"push-to-talk":false,"push-to-talk-delay":0,"settings":{"font":{"face":"Roboto","flags":2,"size":55,"style":"Medium Italic"},"text":"5 MINS"},"sync":0,"versioned_id":"text_gdiplus_v2","volume":1.0},{"balance":0.5,"deinterlace_field_order":0,"deinterlace_mode":0,"enabled":true,"flags":0,"hotkeys":{"OBSBasic.SelectScene":[],"libobs.hide_scene_item.Display Capture":[],"libobs.hide_scene_item.Ex2 ABOVE overlay":[],"libobs.hide_scene_item.Ex2 BELOW overlay":[],"libobs.hide_scene_item.Screen share":[],"libobs.hide_scene_item.Webcam":[],"libobs.show_scene_item.Display Capture":[],"libobs.show_scene_item.Ex2 ABOVE overlay":[],"libobs.show_scene_item.Ex2 BELOW overlay":[],"libobs.show_scene_item.Screen share":[],"libobs.show_scene_item.Webcam":[]},"id":"scene","mixers":0,"monitoring_type":0,"muted":false,"name":"Exercise 2","prev_ver":452984833,"private_settings":{},"push-to-mute":false,"push-to-mute-delay":0,"push-to-talk":false,"push-to-talk-delay":0,"settings":{"custom_size":false,"id_counter":17,"items":[{"align":5,"bounds":{"x":1920.0,"y":1080.0},"bounds_align":0,"bounds_type":2,"crop_bottom":0,"crop_left":0,"crop_right":0,"crop_top":0,"group_item_backup":false,"hide_transition":{"duration":0},"id":1,"locked":true,"name":"Display Capture","pos":{"x":0.0,"y":0.0},"private_settings":{},"rot":0.0,"scale":{"x":1.0,"y":1.0},"scale_filter":"disable","show_transition":{"duration":0},"visible":true},{"align":5,"bounds":{"x":0.0,"y":0.0},"bounds_align":0,"bounds_type":0,"crop_bottom":0,"crop_left":0,"crop_right":0,"crop_top":0,"group_item_backup":false,"hide_transition":{"duration":0},"id":2,"locked":true,"name":"Screen share","pos":{"x":0.0,"y":0.0},"private_settings":{},"rot":0.0,"scale":{"x":0.75,"y":0.75},"scale_filter":"disable","show_transition":{"duration":0},"visible":true},{"align":5,"bounds":{"x":0.0,"y":0.0},"bounds_align":0,"bounds_type":0,"crop_bottom":0,"crop_left":0,"crop_right":0,"crop_top":0,"group_item_backup":false,"hide_transition":{"duration":0},"id":3,"locked":true,"name":"Webcam","pos":{"x":1527.0,"y":785.0},"private_settings":{},"rot":0.0,"scale":{"x":0.61406248807907104,"y":0.61458331346511841},"scale_filter":"disable","show_transition":{"duration":0},"visible":true},{"align":5,"bounds":{"x":0.0,"y":0.0},"bounds_align":0,"bounds_type":0,"crop_bottom":0,"crop_left":0,"crop_right":0,"crop_top":0,"group_item_backup":true,"hide_transition":{"duration":0},"id":4,"locked":true,"name":"ST_OV_BELOW_GRADIENT","pos":{"x":0.0,"y":0.0},"private_settings":{},"rot":0.0,"scale":{"x":1.0,"y":1.0},"scale_filter":"disable","show_transition":{"duration":0},"visible":true},{"align":5,"bounds":{"x":0.0,"y":0.0},"bounds_align":0,"bounds_type":0,"crop_bottom":0,"crop_left":0,"crop_right":0,"crop_top":0,"group_item_backup":true,"hide_transition":{"duration":0},"id":5,"locked":true,"name":"ST_OV_BELOW_GREY","pos":{"x":0.0,"y":0.0},"private_settings":{},"rot":0.0,"scale":{"x":1.0,"y":1.0},"scale_filter":"disable","show_transition":{"duration":0},"visible":false},{"align":5,"bounds":{"x":0.0,"y":0.0},"bounds_align":0,"bounds_type":0,"crop_bottom":0,"crop_left":0,"crop_right":0,"crop_top":0,"group_item_backup":true,"hide_transition":{"duration":0},"id":14,"locked":true,"name":"Ex2 Subheading (for BELOW overlay)","pos":{"x":203.0,"y":981.0},"private_settings":{},"rot":0.0,"scale":{"x":1.0,"y":1.0},"scale_filter":"disable","show_transition":{"duration":0},"visible":true},{"align":5,"bounds":{"x":0.0,"y":0.0},"bounds_align":0,"bounds_type":0,"crop_bottom":0,"crop_left":0,"crop_right":0,"crop_top":0,"group_item_backup":true,"hide_transition":{"duration":0},"id":15,"locked":true,"name":"Ex2 Heading (for BELOW overlay)","pos":{"x":204.0,"y":897.0},"private_settings":{},"rot":0.0,"scale":{"x":1.0,"y":1.0},"scale_filter":"disable","show_transition":{"duration":0},"visible":true},{"align":5,"bounds":{"x":0.0,"y":0.0},"bounds_align":0,"bounds_type":0,"crop_bottom":0,"crop_left":0,"crop_right":0,"crop_top":0,"group_item_backup":false,"hide_transition":{"duration":0},"id":17,"locked":true,"name":"Ex2 BELOW overlay","pos":{"x":0.0,"y":0.0},"private_settings":{"collapsed":true},"rot":0.0,"scale":{"x":1.0,"y":1.0},"scale_filter":"disable","show_transition":{"duration":0},"visible":false},{"align":5,"bounds":{"x":0.0,"y":0.0},"bounds_align":0,"bounds_type":0,"crop_bottom":0,"crop_left":0,"crop_right":0,"crop_top":0,"group_item_backup":true,"hide_transition":{"duration":0},"id":8,"locked":true,"name":"ST_OV_ABOVE_GRADIENT","pos":{"x":0.0,"y":0.0},"private_settings":{},"rot":0.0,"scale":{"x":1.0,"y":1.0},"scale_filter":"disable","show_transition":{"duration":0},"visible":true},{"align":5,"bounds":{"x":0.0,"y":0.0},"bounds_align":0,"bounds_type":0,"crop_bottom":0,"crop_left":0,"crop_right":0,"crop_top":0,"group_item_backup":true,"hide_transition":{"duration":0},"id":9,"locked":true,"name":"ST_OV_ABOVE_GREY","pos":{"x":0.0,"y":0.0},"private_settings":{},"rot":0.0,"scale":{"x":1.0,"y":1.0},"scale_filter":"disable","show_transition":{"duration":0},"visible":false},{"align":5,"bounds":{"x":0.0,"y":0.0},"bounds_align":0,"bounds_type":0,"crop_bottom":0,"crop_left":0,"crop_right":0,"crop_top":0,"group_item_backup":true,"hide_transition":{"duration":0},"id":12,"locked":true,"name":"Ex2 Subheading (for ABOVE overlay)","pos":{"x":213.0,"y":108.0},"private_settings":{},"rot":0.0,"scale":{"x":1.0,"y":1.0},"scale_filter":"disable","show_transition":{"duration":0},"visible":true},{"align":5,"bounds":{"x":0.0,"y":0.0},"bounds_align":0,"bounds_type":0,"crop_bottom":0,"crop_left":0,"crop_right":0,"crop_top":0,"group_item_backup":true,"hide_transition":{"duration":0},"id":13,"locked":true,"name":"Ex2 Heading (for ABOVE overlay)","pos":{"x":213.0,"y":23.0},"private_settings":{},"rot":0.0,"scale":{"x":1.0,"y":1.0},"scale_filter":"disable","show_transition":{"duration":0},"visible":true},{"align":5,"bounds":{"x":0.0,"y":0.0},"bounds_align":0,"bounds_type":0,"crop_bottom":0,"crop_left":0,"crop_right":0,"crop_top":0,"group_item_backup":false,"hide_transition":{"duration":0},"id":16,"locked":true,"name":"Ex2 ABOVE overlay","pos":{"x":0.0,"y":0.0},"private_settings":{"collapsed":true},"rot":0.0,"scale":{"x":1.0,"y":1.0},"scale_filter":"disable","show_transition":{"duration":0},"visible":true}]},"sync":0,"versioned_id":"scene","volume":1.0},{"balance":0.5,"deinterlace_field_order":0,"deinterlace_mode":0,"enabled":true,"flags":0,"hotkeys":{},"id":"text_gdiplus","mixers":0,"monitoring_type":0,"muted":false,"name":"Ex1 Heading (for BELOW overlay)","prev_ver":452984833,"private_settings":{},"push-to-mute":false,"push-to-mute-delay":0,"push-to-talk":false,"push-to-talk-delay":0,"settings":{"font":{"face":"Roboto","flags":2,"size":80,"style":"Medium Italic"},"text":"FIRST EXERCISE"},"sync":0,"versioned_id":"text_gdiplus_v2","volume":1.0},{"balance":0.5,"deinterlace_field_order":0,"deinterlace_mode":0,"enabled":true,"flags":0,"hotkeys":{},"id":"text_gdiplus","mixers":0,"monitoring_type":0,"muted":false,"name":"Ex1 Subheading (for BELOW overlay)","prev_ver":452984833,"private_settings":{},"push-to-mute":false,"push-to-mute-delay":0,"push-to-talk":false,"push-to-talk-delay":0,"settings":{"font":{"face":"Roboto","flags":2,"size":55,"style":"Medium Italic"},"text":"5 MINS"},"sync":0,"versioned_id":"text_gdiplus_v2","volume":1.0},{"balance":0.5,"deinterlace_field_order":0,"deinterlace_mode":0,"enabled":true,"flags":0,"hotkeys":{},"id":"text_gdiplus","mixers":0,"monitoring_type":0,"muted":false,"name":"Ex1 Heading (for ABOVE overlay)","prev_ver":452984833,"private_settings":{},"push-to-mute":false,"push-to-mute-delay":0,"push-to-talk":false,"push-to-talk-delay":0,"settings":{"font":{"face":"Roboto","flags":2,"size":80,"style":"Medium Italic"},"text":"FIRST EXERCISE"},"sync":0,"versioned_id":"text_gdiplus_v2","volume":1.0},{"balance":0.5,"deinterlace_field_order":0,"deinterlace_mode":0,"enabled":true,"flags":0,"hotkeys":{},"id":"text_gdiplus","mixers":0,"monitoring_type":0,"muted":false,"name":"Ex1 Subheading (for ABOVE overlay)","prev_ver":452984833,"private_settings":{},"push-to-mute":false,"push-to-mute-delay":0,"push-to-talk":false,"push-to-talk-delay":0,"settings":{"font":{"face":"Roboto","flags":2,"size":55,"style":"Medium Italic"},"text":"5 MINS"},"sync":0,"versioned_id":"text_gdiplus_v2","volume":1.0},{"balance":0.5,"deinterlace_field_order":0,"deinterlace_mode":0,"enabled":true,"flags":0,"hotkeys":{"OBSBasic.SelectScene":[],"libobs.hide_scene_item.Display Capture":[],"libobs.hide_scene_item.Ex1 ABOVE overlay":[],"libobs.hide_scene_item.Ex1 BELOW overlay":[],"libobs.hide_scene_item.Screen share":[],"libobs.hide_scene_item.Webcam":[],"libobs.show_scene_item.Display Capture":[],"libobs.show_scene_item.Ex1 ABOVE overlay":[],"libobs.show_scene_item.Ex1 BELOW overlay":[],"libobs.show_scene_item.Screen share":[],"libobs.show_scene_item.Webcam":[]},"id":"scene","mixers":0,"monitoring_type":0,"muted":false,"name":"Exercise 1","prev_ver":452984833,"private_settings":{},"push-to-mute":false,"push-to-mute-delay":0,"push-to-talk":false,"push-to-talk-delay":0,"settings":{"custom_size":false,"id_counter":15,"items":[{"align":5,"bounds":{"x":1920.0,"y":1080.0},"bounds_align":0,"bounds_type":2,"crop_bottom":0,"crop_left":0,"crop_right":0,"crop_top":0,"group_item_backup":false,"hide_transition":{"duration":0},"id":1,"locked":true,"name":"Display Capture","pos":{"x":0.0,"y":0.0},"private_settings":{},"rot":0.0,"scale":{"x":1.0,"y":1.0},"scale_filter":"disable","show_transition":{"duration":0},"visible":true},{"align":5,"bounds":{"x":0.0,"y":0.0},"bounds_align":0,"bounds_type":0,"crop_bottom":0,"crop_left":0,"crop_right":0,"crop_top":0,"group_item_backup":false,"hide_transition":{"duration":0},"id":2,"locked":true,"name":"Screen share","pos":{"x":0.0,"y":0.0},"private_settings":{},"rot":0.0,"scale":{"x":0.75,"y":0.75},"scale_filter":"disable","show_transition":{"duration":0},"visible":true},{"align":5,"bounds":{"x":0.0,"y":0.0},"bounds_align":0,"bounds_type":0,"crop_bottom":0,"crop_left":0,"crop_right":0,"crop_top":0,"group_item_backup":false,"hide_transition":{"duration":0},"id":3,"locked":true,"name":"Webcam","pos":{"x":1527.0,"y":785.0},"private_settings":{},"rot":0.0,"scale":{"x":0.61406248807907104,"y":0.61458331346511841},"scale_filter":"disable","show_transition":{"duration":0},"visible":true},{"align":5,"bounds":{"x":0.0,"y":0.0},"bounds_align":0,"bounds_type":0,"crop_bottom":0,"crop_left":0,"crop_right":0,"crop_top":0,"group_item_backup":true,"hide_transition":{"duration":0},"id":4,"locked":true,"name":"ST_OV_BELOW_GRADIENT","pos":{"x":0.0,"y":0.0},"private_settings":{},"rot":0.0,"scale":{"x":1.0,"y":1.0},"scale_filter":"disable","show_transition":{"duration":0},"visible":true},{"align":5,"bounds":{"x":0.0,"y":0.0},"bounds_align":0,"bounds_type":0,"crop_bottom":0,"crop_left":0,"crop_right":0,"crop_top":0,"group_item_backup":true,"hide_transition":{"duration":0},"id":5,"locked":true,"name":"ST_OV_BELOW_GREY","pos":{"x":0.0,"y":0.0},"private_settings":{},"rot":0.0,"scale":{"x":1.0,"y":1.0},"scale_filter":"disable","show_transition":{"duration":0},"visible":false},{"align":5,"bounds":{"x":0.0,"y":0.0},"bounds_align":0,"bounds_type":0,"crop_bottom":0,"crop_left":0,"crop_right":0,"crop_top":0,"group_item_backup":true,"hide_transition":{"duration":0},"id":12,"locked":true,"name":"Ex1 Subheading (for BELOW overlay)","pos":{"x":203.0,"y":981.0},"private_settings":{},"rot":0.0,"scale":{"x":1.0,"y":1.0},"scale_filter":"disable","show_transition":{"duration":0},"visible":true},{"align":5,"bounds":{"x":0.0,"y":0.0},"bounds_align":0,"bounds_type":0,"crop_bottom":0,"crop_left":0,"crop_right":0,"crop_top":0,"group_item_backup":true,"hide_transition":{"duration":0},"id":13,"locked":true,"name":"Ex1 Heading (for BELOW overlay)","pos":{"x":204.0,"y":897.0},"private_settings":{},"rot":0.0,"scale":{"x":1.0,"y":1.0},"scale_filter":"disable","show_transition":{"duration":0},"visible":true},{"align":5,"bounds":{"x":0.0,"y":0.0},"bounds_align":0,"bounds_type":0,"crop_bottom":0,"crop_left":0,"crop_right":0,"crop_top":0,"group_item_backup":false,"hide_transition":{"duration":0},"id":15,"locked":true,"name":"Ex1 BELOW overlay","pos":{"x":0.0,"y":0.0},"private_settings":{"collapsed":true},"rot":0.0,"scale":{"x":1.0,"y":1.0},"scale_filter":"disable","show_transition":{"duration":0},"visible":false},{"align":5,"bounds":{"x":0.0,"y":0.0},"bounds_align":0,"bounds_type":0,"crop_bottom":0,"crop_left":0,"crop_right":0,"crop_top":0,"group_item_backup":true,"hide_transition":{"duration":0},"id":7,"locked":true,"name":"ST_OV_ABOVE_GRADIENT","pos":{"x":0.0,"y":0.0},"private_settings":{},"rot":0.0,"scale":{"x":1.0,"y":1.0},"scale_filter":"disable","show_transition":{"duration":0},"visible":true},{"align":5,"bounds":{"x":0.0,"y":0.0},"bounds_align":0,"bounds_type":0,"crop_bottom":0,"crop_left":0,"crop_right":0,"crop_top":0,"group_item_backup":true,"hide_transition":{"duration":0},"id":8,"locked":true,"name":"ST_OV_ABOVE_GREY","pos":{"x":0.0,"y":0.0},"private_settings":{},"rot":0.0,"scale":{"x":1.0,"y":1.0},"scale_filter":"disable","show_transition":{"duration":0},"visible":false},{"align":5,"bounds":{"x":0.0,"y":0.0},"bounds_align":0,"bounds_type":0,"crop_bottom":0,"crop_left":0,"crop_right":0,"crop_top":0,"group_item_backup":true,"hide_transition":{"duration":0},"id":10,"locked":true,"name":"Ex1 Subheading (for ABOVE overlay)","pos":{"x":213.0,"y":108.0},"private_settings":{},"rot":0.0,"scale":{"x":1.0,"y":1.0},"scale_filter":"disable","show_transition":{"duration":0},"visible":true},{"align":5,"bounds":{"x":0.0,"y":0.0},"bounds_align":0,"bounds_type":0,"crop_bottom":0,"crop_left":0,"crop_right":0,"crop_top":0,"group_item_backup":true,"hide_transition":{"duration":0},"id":11,"locked":true,"name":"Ex1 Heading (for ABOVE overlay)","pos":{"x":213.0,"y":23.0},"private_settings":{},"rot":0.0,"scale":{"x":1.0,"y":1.0},"scale_filter":"disable","show_transition":{"duration":0},"visible":true},{"align":5,"bounds":{"x":0.0,"y":0.0},"bounds_align":0,"bounds_type":0,"crop_bottom":0,"crop_left":0,"crop_right":0,"crop_top":0,"group_item_backup":false,"hide_transition":{"duration":0},"id":14,"locked":true,"name":"Ex1 ABOVE overlay","pos":{"x":0.0,"y":0.0},"private_settings":{"collapsed":true},"rot":0.0,"scale":{"x":1.0,"y":1.0},"scale_filter":"disable","show_transition":{"duration":0},"visible":true}]},"sync":0,"versioned_id":"scene","volume":1.0},{"balance":0.5,"deinterlace_field_order":0,"deinterlace_mode":0,"enabled":true,"flags":0,"hotkeys":{},"id":"text_gdiplus","mixers":0,"monitoring_type":0,"muted":false,"name":"ConExp Heading (for BELOW overlay)","prev_ver":452984833,"private_settings":{},"push-to-mute":false,"push-to-mute-delay":0,"push-to-talk":false,"push-to-talk-delay":0,"settings":{"font":{"face":"Roboto","flags":2,"size":80,"style":"Medium Italic"},"text":"CONCEPT EXPLANATION"},"sync":0,"versioned_id":"text_gdiplus_v2","volume":1.0},{"balance":0.5,"deinterlace_field_order":0,"deinterlace_mode":0,"enabled":true,"flags":0,"hotkeys":{},"id":"display_capture","mixers":0,"monitoring_type":0,"muted":false,"name":"Display Capture","prev_ver":452984833,"private_settings":{},"push-to-mute":false,"push-to-mute-delay":0,"push-to-talk":false,"push-to-talk-delay":0,"settings":{},"sync":0,"versioned_id":"display_capture","volume":1.0},{"balance":0.5,"deinterlace_field_order":0,"deinterlace_mode":0,"enabled":true,"flags":0,"hotkeys":{},"id":"text_gdiplus","mixers":0,"monitoring_type":0,"muted":false,"name":"ConExp Heading (for ABOVE overlay)","prev_ver":452984833,"private_settings":{},"push-to-mute":false,"push-to-mute-delay":0,"push-to-talk":false,"push-to-talk-delay":0,"settings":{"font":{"face":"Roboto","flags":2,"size":80,"style":"Medium Italic"},"text":"CONCEPT EXPLANATION"},"sync":0,"versioned_id":"text_gdiplus_v2","volume":1.0},{"balance":0.5,"deinterlace_field_order":0,"deinterlace_mode":0,"enabled":true,"flags":0,"hotkeys":{},"id":"image_source","mixers":0,"monitoring_type":0,"muted":false,"name":"ST_OV_BELOW_GREY","prev_ver":452984833,"private_settings":{},"push-to-mute":false,"push-to-mute-delay":0,"push-to-talk":false,"push-to-talk-delay":0,"settings":{"file":"C:/Users/quelixir/Documents/GitHub/private-obs-templates/2021.07-EWORKOUT_SCENES/ASSETS/IMAGES/ST_OV_BELOW_GREY.png"},"sync":0,"versioned_id":"image_source","volume":1.0},{"balance":0.5,"deinterlace_field_order":0,"deinterlace_mode":0,"enabled":true,"flags":0,"hotkeys":{},"id":"image_source","mixers":0,"monitoring_type":0,"muted":false,"name":"ST_OV_ABOVE_GREY","prev_ver":452984833,"private_settings":{},"push-to-mute":false,"push-to-mute-delay":0,"push-to-talk":false,"push-to-talk-delay":0,"settings":{"file":"C:/Users/quelixir/Documents/GitHub/private-obs-templates/2021.07-EWORKOUT_SCENES/ASSETS/IMAGES/ST_OV_ABOVE_GREY.png"},"sync":0,"versioned_id":"image_source","volume":1.0},{"balance":0.5,"deinterlace_field_order":0,"deinterlace_mode":0,"enabled":true,"flags":0,"hotkeys":{},"id":"image_source","mixers":0,"monitoring_type":0,"muted":false,"name":"ST_OV_BELOW_GRADIENT","prev_ver":452984833,"private_settings":{},"push-to-mute":false,"push-to-mute-delay":0,"push-to-talk":false,"push-to-talk-delay":0,"settings":{"file":"C:/Users/quelixir/Documents/GitHub/private-obs-templates/2021.07-EWORKOUT_SCENES/ASSETS/IMAGES/ST_OV_BELOW_GRADIENT.png"},"sync":0,"versioned_id":"image_source","volume":1.0},{"balance":0.5,"deinterlace_field_order":0,"deinterlace_mode":0,"enabled":true,"flags":0,"hotkeys":{},"id":"image_source","mixers":0,"monitoring_type":0,"muted":false,"name":"ST_OV_ABOVE_GRADIENT","prev_ver":452984833,"private_settings":{},"push-to-mute":false,"push-to-mute-delay":0,"push-to-talk":false,"push-to-talk-delay":0,"settings":{"file":"C:/Users/quelixir/Documents/GitHub/private-obs-templates/2021.07-EWORKOUT_SCENES/ASSETS/IMAGES/ST_OV_ABOVE_GRADIENT.png"},"sync":0,"versioned_id":"image_source","volume":1.0},{"balance":0.5,"deinterlace_field_order":0,"deinterlace_mode":0,"enabled":true,"flags":0,"hotkeys":{"OBSBasic.SelectScene":[],"libobs.hide_scene_item.ConExp ABOVE overlay":[],"libobs.hide_scene_item.ConExp BELOW overlay":[],"libobs.hide_scene_item.Display Capture":[],"libobs.hide_scene_item.Screen share":[],"libobs.hide_scene_item.Webcam":[],"libobs.show_scene_item.ConExp ABOVE overlay":[],"libobs.show_scene_item.ConExp BELOW overlay":[],"libobs.show_scene_item.Display Capture":[],"libobs.show_scene_item.Screen share":[],"libobs.show_scene_item.Webcam":[]},"id":"scene","mixers":0,"monitoring_type":0,"muted":false,"name":"Concept Explanation","prev_ver":452984833,"private_settings":{},"push-to-mute":false,"push-to-mute-delay":0,"push-to-talk":false,"push-to-talk-delay":0,"settings":{"custom_size":false,"id_counter":13,"items":[{"align":5,"bounds":{"x":1920.0,"y":1080.0},"bounds_align":0,"bounds_type":2,"crop_bottom":0,"crop_left":0,"crop_right":0,"crop_top":0,"group_item_backup":false,"hide_transition":{"duration":0},"id":10,"locked":true,"name":"Display Capture","pos":{"x":0.0,"y":0.0},"private_settings":{},"rot":0.0,"scale":{"x":1.0,"y":1.0},"scale_filter":"disable","show_transition":{"duration":0},"visible":true},{"align":5,"bounds":{"x":0.0,"y":0.0},"bounds_align":0,"bounds_type":0,"crop_bottom":0,"crop_left":0,"crop_right":0,"crop_top":0,"group_item_backup":false,"hide_transition":{"duration":0},"id":2,"locked":true,"name":"Screen share","pos":{"x":0.0,"y":0.0},"private_settings":{},"rot":0.0,"scale":{"x":0.75,"y":0.75},"scale_filter":"disable","show_transition":{"duration":0},"visible":true},{"align":5,"bounds":{"x":0.0,"y":0.0},"bounds_align":0,"bounds_type":0,"crop_bottom":0,"crop_left":0,"crop_right":0,"crop_top":0,"group_item_backup":false,"hide_transition":{"duration":0},"id":4,"locked":true,"name":"Webcam","pos":{"x":1527.0,"y":785.0},"private_settings":{},"rot":0.0,"scale":{"x":0.61406248807907104,"y":0.61458331346511841},"scale_filter":"disable","show_transition":{"duration":0},"visible":true},{"align":5,"bounds":{"x":0.0,"y":0.0},"bounds_align":0,"bounds_type":0,"crop_bottom":0,"crop_left":0,"crop_right":0,"crop_top":0,"group_item_backup":true,"hide_transition":{"duration":0},"id":5,"locked":true,"name":"ST_OV_BELOW_GRADIENT","pos":{"x":0.0,"y":0.0},"private_settings":{},"rot":0.0,"scale":{"x":1.0,"y":1.0},"scale_filter":"disable","show_transition":{"duration":0},"visible":true},{"align":5,"bounds":{"x":0.0,"y":0.0},"bounds_align":0,"bounds_type":0,"crop_bottom":0,"crop_left":0,"crop_right":0,"crop_top":0,"group_item_backup":true,"hide_transition":{"duration":0},"id":6,"locked":true,"name":"ST_OV_BELOW_GREY","pos":{"x":0.0,"y":0.0},"private_settings":{},"rot":0.0,"scale":{"x":1.0,"y":1.0},"scale_filter":"disable","show_transition":{"duration":0},"visible":false},{"align":5,"bounds":{"x":0.0,"y":0.0},"bounds_align":0,"bounds_type":0,"crop_bottom":0,"crop_left":0,"crop_right":0,"crop_top":0,"group_item_backup":true,"hide_transition":{"duration":0},"id":11,"locked":true,"name":"ConExp Heading (for BELOW overlay)","pos":{"x":217.0,"y":936.0},"private_settings":{},"rot":0.0,"scale":{"x":1.0,"y":1.0},"scale_filter":"disable","show_transition":{"duration":0},"visible":true},{"align":5,"bounds":{"x":0.0,"y":0.0},"bounds_align":0,"bounds_type":0,"crop_bottom":0,"crop_left":0,"crop_right":0,"crop_top":0,"group_item_backup":false,"hide_transition":{"duration":0},"id":13,"locked":true,"name":"ConExp BELOW overlay","pos":{"x":0.0,"y":0.0},"private_settings":{"collapsed":true},"rot":0.0,"scale":{"x":1.0,"y":1.0},"scale_filter":"disable","show_transition":{"duration":0},"visible":false},{"align":5,"bounds":{"x":0.0,"y":0.0},"bounds_align":0,"bounds_type":0,"crop_bottom":0,"crop_left":0,"crop_right":0,"crop_top":0,"group_item_backup":true,"hide_transition":{"duration":0},"id":7,"locked":true,"name":"ST_OV_ABOVE_GRADIENT","pos":{"x":0.0,"y":0.0},"private_settings":{},"rot":0.0,"scale":{"x":1.0,"y":1.0},"scale_filter":"disable","show_transition":{"duration":0},"visible":true},{"align":5,"bounds":{"x":0.0,"y":0.0},"bounds_align":0,"bounds_type":0,"crop_bottom":0,"crop_left":0,"crop_right":0,"crop_top":0,"group_item_backup":true,"hide_transition":{"duration":0},"id":8,"locked":true,"name":"ST_OV_ABOVE_GREY","pos":{"x":0.0,"y":0.0},"private_settings":{},"rot":0.0,"scale":{"x":1.0,"y":1.0},"scale_filter":"disable","show_transition":{"duration":0},"visible":false},{"align":5,"bounds":{"x":0.0,"y":0.0},"bounds_align":0,"bounds_type":0,"crop_bottom":0,"crop_left":0,"crop_right":0,"crop_top":0,"group_item_backup":true,"hide_transition":{"duration":0},"id":9,"locked":true,"name":"ConExp Heading (for ABOVE overlay)","pos":{"x":213.0,"y":54.0},"private_settings":{},"rot":0.0,"scale":{"x":1.0,"y":1.0},"scale_filter":"disable","show_transition":{"duration":0},"visible":true},{"align":5,"bounds":{"x":0.0,"y":0.0},"bounds_align":0,"bounds_type":0,"crop_bottom":0,"crop_left":0,"crop_right":0,"crop_top":0,"group_item_backup":false,"hide_transition":{"duration":0},"id":12,"locked":true,"name":"ConExp ABOVE overlay","pos":{"x":0.0,"y":0.0},"private_settings":{"collapsed":true},"rot":0.0,"scale":{"x":1.0,"y":1.0},"scale_filter":"disable","show_transition":{"duration":0},"visible":true}]},"sync":0,"versioned_id":"scene","volume":1.0},{"balance":0.5,"deinterlace_field_order":0,"deinterlace_mode":0,"enabled":true,"filters":[{"balance":0.5,"deinterlace_field_order":0,"deinterlace_mode":0,"enabled":true,"flags":0,"hotkeys":{},"id":"color_filter","mixers":0,"monitoring_type":0,"muted":false,"name":"Color Correction","prev_ver":452984833,"private_settings":{},"push-to-mute":false,"push-to-mute-delay":0,"push-to-talk":false,"push-to-talk-delay":0,"settings":{"brightness":-0.27000000000000002,"opacity":60},"sync":0,"versioned_id":"color_filter","volume":1.0}],"flags":0,"hotkeys":{},"id":"image_source","mixers":0,"monitoring_type":0,"muted":false,"name":"Valor Gradient","prev_ver":452984833,"private_settings":{},"push-to-mute":false,"push-to-mute-delay":0,"push-to-talk":false,"push-to-talk-delay":0,"settings":{"file":"C:/Users/quelixir/Documents/GitHub/private-obs-templates/2021.07-EWORKOUT_SCENES/ASSETS/IMAGES/Valor_Gradient.png"},"sync":0,"versioned_id":"image_source","volume":1.0},{"balance":0.5,"deinterlace_field_order":0,"deinterlace_mode":0,"enabled":true,"flags":0,"hotkeys":{"OBSBasic.SelectScene":[],"libobs.hide_scene_item.Subtitle or description":[],"libobs.hide_scene_item.Title":[],"libobs.hide_scene_item.Valor Gradient":[],"libobs.hide_scene_item.Valor Logo":[],"libobs.hide_scene_item.Webcam":[],"libobs.show_scene_item.Subtitle or description":[],"libobs.show_scene_item.Title":[],"libobs.show_scene_item.Valor Gradient":[],"libobs.show_scene_item.Valor Logo":[],"libobs.show_scene_item.Webcam":[]},"id":"scene","mixers":0,"monitoring_type":0,"muted":false,"name":"Intro","prev_ver":452984833,"private_settings":{},"push-to-mute":false,"push-to-mute-delay":0,"push-to-talk":false,"push-to-talk-delay":0,"settings":{"custom_size":false,"id_counter":16,"items":[{"align":5,"bounds":{"x":1920.0,"y":1080.0},"bounds_align":0,"bounds_type":1,"crop_bottom":0,"crop_left":0,"crop_right":0,"crop_top":0,"group_item_backup":false,"hide_transition":{"duration":0},"id":4,"locked":true,"name":"Valor Gradient","pos":{"x":0.0,"y":0.0},"private_settings":{},"rot":0.0,"scale":{"x":1.0,"y":1.0},"scale_filter":"disable","show_transition":{"duration":0},"visible":true},{"align":5,"bounds":{"x":0.0,"y":0.0},"bounds_align":0,"bounds_type":0,"crop_bottom":0,"crop_left":0,"crop_right":0,"crop_top":0,"group_item_backup":false,"hide_transition":{"duration":0},"id":14,"locked":true,"name":"Webcam","pos":{"x":490.0,"y":283.0},"private_settings":{},"rot":0.0,"scale":{"x":1.46875,"y":1.46875},"scale_filter":"disable","show_transition":{"duration":0},"visible":true},{"align":5,"bounds":{"x":0.0,"y":0.0},"bounds_align":0,"bounds_type":0,"crop_bottom":0,"crop_left":0,"crop_right":0,"crop_top":0,"group_item_backup":false,"hide_transition":{"duration":0},"id":2,"locked":true,"name":"Valor Logo","pos":{"x":1766.0,"y":939.0},"private_settings":{},"rot":0.0,"scale":{"x":0.036924120038747787,"y":0.036924120038747787},"scale_filter":"disable","show_transition":{"duration":0},"visible":true},{"align":5,"bounds":{"x":0.0,"y":0.0},"bounds_align":0,"bounds_type":0,"crop_bottom":0,"crop_left":0,"crop_right":0,"crop_top":0,"group_item_backup":false,"hide_transition":{"duration":0},"id":13,"locked":false,"name":"Subtitle or description","pos":{"x":359.71942138671875,"y":173.0},"private_settings":{},"rot":0.0,"scale":{"x":0.21335723996162415,"y":0.21484375},"scale_filter":"disable","show_transition":{"duration":0},"visible":true},{"align":5,"bounds":{"x":0.0,"y":0.0},"bounds_align":0,"bounds_type":0,"crop_bottom":0,"crop_left":0,"crop_right":0,"crop_top":0,"group_item_backup":false,"hide_transition":{"duration":0},"id":7,"locked":false,"name":"Title","pos":{"x":578.48797607421875,"y":42.0},"private_settings":{},"rot":0.0,"scale":{"x":0.51106768846511841,"y":0.51171875},"scale_filter":"disable","show_transition":{"duration":0},"visible":true}]},"sync":0,"versioned_id":"scene","volume":1.0},{"balance":0.5,"deinterlace_field_order":0,"deinterlace_mode":0,"enabled":true,"filters":[{"balance":0.5,"deinterlace_field_order":0,"deinterlace_mode":0,"enabled":true,"flags":0,"hotkeys":{},"id":"color_filter","mixers":0,"monitoring_type":0,"muted":false,"name":"Color Correction","prev_ver":452984833,"private_settings":{},"push-to-mute":false,"push-to-mute-delay":0,"push-to-talk":false,"push-to-talk-delay":0,"settings":{"contrast":-2,"saturation":-1},"sync":0,"versioned_id":"color_filter","volume":1.0}],"flags":0,"hotkeys":{},"id":"image_source","mixers":0,"monitoring_type":0,"muted":false,"name":"Valor Logo","prev_ver":452984833,"private_settings":{},"push-to-mute":false,"push-to-mute-delay":0,"push-to-talk":false,"push-to-talk-delay":0,"settings":{"file":"C:/Users/quelixir/Documents/GitHub/private-obs-templates/2021.07-EWORKOUT_SCENES/ASSETS/IMAGES/Valor_Logo.png"},"sync":0,"versioned_id":"image_source","volume":1.0},{"balance":0.5,"deinterlace_field_order":0,"deinterlace_mode":0,"enabled":true,"flags":0,"hotkeys":{},"id":"text_gdiplus","mixers":0,"monitoring_type":0,"muted":false,"name":"Title","prev_ver":452984833,"private_settings":{},"push-to-mute":false,"push-to-mute-delay":0,"push-to-talk":false,"push-to-talk-delay":0,"settings":{"align":"center","font":{"face":"Roboto","flags":2,"size":200,"style":"Medium Italic"},"text":"WORKOUT TITLE"},"sync":0,"versioned_id":"text_gdiplus_v2","volume":1.0},{"balance":0.5,"deinterlace_field_order":0,"deinterlace_mode":0,"enabled":true,"flags":0,"hotkeys":{},"id":"text_gdiplus","mixers":0,"monitoring_type":0,"muted":false,"name":"Subtitle or description","prev_ver":452984833,"private_settings":{},"push-to-mute":false,"push-to-mute-delay":0,"push-to-talk":false,"push-to-talk-delay":0,"settings":{"align":"center","font":{"face":"Roboto","flags":0,"size":180,"style":"Regular"},"text":"Relax and think about the things you just learned.  Don't skip the break!"},"sync":0,"versioned_id":"text_gdiplus_v2","volume":1.0},{"balance":0.5,"deinterlace_field_order":0,"deinterlace_mode":0,"enabled":true,"flags":0,"hotkeys":{"libobs.mute":[],"libobs.push-to-mute":[],"libobs.push-to-talk":[],"libobs.unmute":[]},"id":"dshow_input","mixers":0,"monitoring_type":0,"muted":false,"name":"Webcam","prev_ver":452984833,"private_settings":{},"push-to-mute":false,"push-to-mute-delay":0,"push-to-talk":false,"push-to-talk-delay":0,"settings":{"deactivate_when_not_showing":true,"last_video_device_id":"Microsoft® LifeCam VX-2000:\\\\?\\usb#22vid_045e&pid_0761&mi_00#227&2f8fbf41&0&0000#22{65e8773d-8f56-11d0-a3b9-00a0c9223196}\\global","video_device_id":"Microsoft® LifeCam VX-2000:\\\\?\\usb#22vid_045e&pid_0761&mi_00#227&2f8fbf41&0&0000#22{65e8773d-8f56-11d0-a3b9-00a0c9223196}\\global"},"sync":0,"versioned_id":"dshow_input","volume":1.0},{"balance":0.5,"deinterlace_field_order":0,"deinterlace_mode":0,"enabled":true,"flags":0,"hotkeys":{},"id":"monitor_capture","mixers":0,"monitoring_type":0,"muted":false,"name":"Screen share","prev_ver":452984833,"private_settings":{},"push-to-mute":false,"push-to-mute-delay":0,"push-to-talk":false,"push-to-talk-delay":0,"settings":{},"sync":0,"versioned_id":"monitor_capture","volume":1.0}],"transition_duration":400,"transitions":[{"id":"obs_stinger_transition","name":"Stinger","settings":{}}]}